** Drc report for twin28xx.kicad_pcb **
** Created on 2026-08-09T02:01:30 **
** Report includes: Errors, Warnings **

** Found 669 DRC violations **
[hole_clearance]: Hole clearance violation (board setup constraints hole clearance 0.2540 mm; actual 0.1484 mm)
    Rule: board setup constraints hole; error
    @(81.8905 mm, 132.5718 mm): Pad 1 [GND] of H6 on F.Cu
    @(80.0000 mm, 134.2500 mm): NPTH pad of H6
[hole_clearance]: Hole clearance violation (board setup constraints hole clearance 0.2540 mm; actual 0.1488 mm)
    Rule: board setup constraints hole; error
    @(78.3216 mm, 132.3592 mm): Pad 1 [GND] of H6 on F.Cu
    @(80.0000 mm, 134.2500 mm): NPTH pad of H6
[hole_clearance]: Hole clearance violation (board setup constraints hole clearance 0.2540 mm; actual 0.1484 mm)
    Rule: board setup constraints hole; error
    @(78.1095 mm, 135.9282 mm): Pad 1 [GND] of H6 on F.Cu
    @(80.0000 mm, 134.2500 mm): NPTH pad of H6
[hole_clearance]: Hole clearance violation (board setup constraints hole clearance 0.2540 mm; actual 0.1487 mm)
    Rule: board setup constraints hole; error
    @(81.6784 mm, 136.1405 mm): Pad 1 [GND] of H6 on F.Cu
    @(80.0000 mm, 134.2500 mm): NPTH pad of H6
[hole_clearance]: Hole clearance violation (board setup constraints hole clearance 0.2540 mm; actual 0.1484 mm)
    Rule: board setup constraints hole; error
    @(148.1665 mm, 105.9282 mm): Pad 1 [GND] of H12 on F.Cu
    @(150.0570 mm, 104.2500 mm): NPTH pad of H12
[hole_clearance]: Hole clearance violation (board setup constraints hole clearance 0.2540 mm; actual 0.1487 mm)
    Rule: board setup constraints hole; error
    @(151.7354 mm, 106.1405 mm): Pad 1 [GND] of H12 on F.Cu
    @(150.0570 mm, 104.2500 mm): NPTH pad of H12
[hole_clearance]: Hole clearance violation (board setup constraints hole clearance 0.2540 mm; actual 0.1488 mm)
    Rule: board setup constraints hole; error
    @(148.3786 mm, 102.3592 mm): Pad 1 [GND] of H12 on F.Cu
    @(150.0570 mm, 104.2500 mm): NPTH pad of H12
[hole_clearance]: Hole clearance violation (board setup constraints hole clearance 0.2540 mm; actual 0.1484 mm)
    Rule: board setup constraints hole; error
    @(151.9475 mm, 102.5718 mm): Pad 1 [GND] of H12 on F.Cu
    @(150.0570 mm, 104.2500 mm): NPTH pad of H12
[hole_clearance]: Hole clearance violation (board setup constraints hole clearance 0.2540 mm; actual 0.2435 mm)
    Rule: board setup constraints hole; error
    @(94.1502 mm, 131.5424 mm): Pad A1B12 [GND] of J2 on F.Cu
    @(94.4502 mm, 132.8109 mm): NPTH pad of J2
[hole_clearance]: Hole clearance violation (board setup constraints hole clearance 0.2540 mm; actual 0.2436 mm)
    Rule: board setup constraints hole; error
    @(100.5502 mm, 131.5424 mm): Pad B1A12 [GND] of J2 on F.Cu
    @(100.2500 mm, 132.8109 mm): NPTH pad of J2
[hole_clearance]: Hole clearance violation (board setup constraints hole clearance 0.2540 mm; actual 0.1488 mm)
    Rule: board setup constraints hole; error
    @(78.3216 mm, 102.3592 mm): Pad 1 [GND] of H3 on F.Cu
    @(80.0000 mm, 104.2500 mm): NPTH pad of H3
[hole_clearance]: Hole clearance violation (board setup constraints hole clearance 0.2540 mm; actual 0.1484 mm)
    Rule: board setup constraints hole; error
    @(81.8905 mm, 102.5718 mm): Pad 1 [GND] of H3 on F.Cu
    @(80.0000 mm, 104.2500 mm): NPTH pad of H3
[hole_clearance]: Hole clearance violation (board setup constraints hole clearance 0.2540 mm; actual 0.1484 mm)
    Rule: board setup constraints hole; error
    @(78.1095 mm, 105.9282 mm): Pad 1 [GND] of H3 on F.Cu
    @(80.0000 mm, 104.2500 mm): NPTH pad of H3
[hole_clearance]: Hole clearance violation (board setup constraints hole clearance 0.2540 mm; actual 0.1487 mm)
    Rule: board setup constraints hole; error
    @(81.6784 mm, 106.1405 mm): Pad 1 [GND] of H3 on F.Cu
    @(80.0000 mm, 104.2500 mm): NPTH pad of H3
[hole_clearance]: Hole clearance violation (board setup constraints hole clearance 0.2540 mm; actual 0.1484 mm)
    Rule: board setup constraints hole; error
    @(148.1095 mm, 135.9282 mm): Pad 1 [GND] of H9 on F.Cu
    @(150.0000 mm, 134.2500 mm): NPTH pad of H9
[hole_clearance]: Hole clearance violation (board setup constraints hole clearance 0.2540 mm; actual 0.1487 mm)
    Rule: board setup constraints hole; error
    @(151.6784 mm, 136.1405 mm): Pad 1 [GND] of H9 on F.Cu
    @(150.0000 mm, 134.2500 mm): NPTH pad of H9
[hole_clearance]: Hole clearance violation (board setup constraints hole clearance 0.2540 mm; actual 0.1484 mm)
    Rule: board setup constraints hole; error
    @(151.8905 mm, 132.5718 mm): Pad 1 [GND] of H9 on F.Cu
    @(150.0000 mm, 134.2500 mm): NPTH pad of H9
[hole_clearance]: Hole clearance violation (board setup constraints hole clearance 0.2540 mm; actual 0.1488 mm)
    Rule: board setup constraints hole; error
    @(148.3216 mm, 132.3592 mm): Pad 1 [GND] of H9 on F.Cu
    @(150.0000 mm, 134.2500 mm): NPTH pad of H9
[courtyards_overlap]: Courtyards overlap
    Rule: board setup constraints courtyard; error
    @(125.3000 mm, 134.4000 mm): Footprint R28
    @(124.8000 mm, 134.9000 mm): Footprint R21
[courtyards_overlap]: Courtyards overlap
    Rule: board setup constraints courtyard; error
    @(141.7500 mm, 114.0274 mm): Footprint C34
    @(140.0000 mm, 114.0274 mm): Footprint C35
[courtyards_overlap]: Courtyards overlap
    Rule: board setup constraints courtyard; error
    @(109.0000 mm, 106.8000 mm): Footprint C58
    @(109.0000 mm, 106.8000 mm): Footprint C43
[pth_inside_courtyard]: PTH inside courtyard
    Local override; error
    @(109.0000 mm, 109.3400 mm): PTH pad 1 [GND] of C58
    @(109.0000 mm, 106.8000 mm): Footprint C43
[pth_inside_courtyard]: PTH inside courtyard
    Local override; error
    @(109.0000 mm, 104.2600 mm): PTH pad 2 [VCC] of C58
    @(109.0000 mm, 106.8000 mm): Footprint C43
[courtyards_overlap]: Courtyards overlap
    Rule: board setup constraints courtyard; error
    @(123.7248 mm, 106.8000 mm): Footprint C44
    @(123.7000 mm, 106.8000 mm): Footprint C57
[pth_inside_courtyard]: PTH inside courtyard
    Local override; error
    @(123.7248 mm, 109.3400 mm): PTH pad 1 [GND] of C44
    @(123.7000 mm, 106.8000 mm): Footprint C57
[pth_inside_courtyard]: PTH inside courtyard
    Local override; error
    @(123.7248 mm, 104.2600 mm): PTH pad 2 [VCC] of C44
    @(123.7000 mm, 106.8000 mm): Footprint C57
[courtyards_overlap]: Courtyards overlap
    Rule: board setup constraints courtyard; error
    @(95.0000 mm, 120.0275 mm): Footprint U18
    @(98.0000 mm, 118.5000 mm): Footprint C60
[courtyards_overlap]: Courtyards overlap
    Rule: board setup constraints courtyard; error
    @(108.2500 mm, 119.7775 mm): Footprint C28
    @(107.0000 mm, 121.0275 mm): Footprint C26
[courtyards_overlap]: Courtyards overlap
    Rule: board setup constraints courtyard; error
    @(96.7745 mm, 128.1581 mm): Footprint C1
    @(94.8625 mm, 125.7500 mm): Footprint U19
[courtyards_overlap]: Courtyards overlap
    Rule: board setup constraints courtyard; error
    @(145.2500 mm, 102.6470 mm): Footprint C39
    @(150.0570 mm, 104.2500 mm): Footprint H10
[courtyards_overlap]: Courtyards overlap
    Rule: board setup constraints courtyard; error
    @(145.2500 mm, 104.6345 mm): Footprint C38
    @(150.0570 mm, 104.2500 mm): Footprint H10
[courtyards_overlap]: Courtyards overlap
    Rule: board setup constraints courtyard; error
    @(115.6000 mm, 103.4000 mm): Footprint U5
    @(117.4000 mm, 101.6000 mm): Footprint R5
[courtyards_overlap]: Courtyards overlap
    Rule: board setup constraints courtyard; error
    @(106.1769 mm, 120.1553 mm): Footprint R34
    @(106.1750 mm, 120.1500 mm): Footprint L3
[courtyards_overlap]: Courtyards overlap
    Rule: board setup constraints courtyard; error
    @(131.8000 mm, 130.8000 mm): Footprint U12
    @(132.5000 mm, 130.8750 mm): Footprint R23
[courtyards_overlap]: Courtyards overlap
    Rule: board setup constraints courtyard; error
    @(131.8000 mm, 130.8000 mm): Footprint U12
    @(131.1000 mm, 130.9000 mm): Footprint R24
[courtyards_overlap]: Courtyards overlap
    Rule: board setup constraints courtyard; error
    @(124.3000 mm, 134.4000 mm): Footprint R27
    @(124.8000 mm, 134.9000 mm): Footprint R21
[courtyards_overlap]: Courtyards overlap
    Rule: board setup constraints courtyard; error
    @(118.7107 mm, 115.8178 mm): Footprint R12
    @(120.5858 mm, 115.0858 mm): Footprint TP19
[courtyards_overlap]: Courtyards overlap
    Rule: board setup constraints courtyard; error
    @(132.5000 mm, 130.8750 mm): Footprint R23
    @(131.1000 mm, 130.9000 mm): Footprint R24
[courtyards_overlap]: Courtyards overlap
    Rule: board setup constraints courtyard; error
    @(96.5001 mm, 114.0274 mm): Footprint C49
    @(98.2501 mm, 114.0274 mm): Footprint C48
[courtyards_overlap]: Courtyards overlap
    Rule: board setup constraints courtyard; error
    @(122.0000 mm, 116.5000 mm): Footprint TP21
    @(120.1249 mm, 117.2320 mm): Footprint R13
[courtyards_overlap]: Courtyards overlap
    Rule: board setup constraints courtyard; error
    @(83.5000 mm, 123.0000 mm): Footprint C5
    @(82.6000 mm, 124.5000 mm): Footprint TP26
[courtyards_overlap]: Courtyards overlap
    Rule: board setup constraints courtyard; error
    @(103.4732 mm, 111.1303 mm): Footprint TP46
    @(101.0001 mm, 112.5274 mm): Footprint L2
[courtyards_overlap]: Courtyards overlap
    Rule: board setup constraints courtyard; error
    @(87.0000 mm, 129.7000 mm): Footprint C8
    @(88.8562 mm, 129.7000 mm): Footprint C7
[courtyards_overlap]: Courtyards overlap
    Rule: board setup constraints courtyard; error
    @(131.9000 mm, 106.8000 mm): Footprint R30
    @(130.2500 mm, 107.3000 mm): Footprint D3
[courtyards_overlap]: Courtyards overlap
    Rule: board setup constraints courtyard; error
    @(99.3501 mm, 127.0275 mm): Footprint U6
    @(94.8625 mm, 125.7500 mm): Footprint U19
[courtyards_overlap]: Courtyards overlap
    Rule: board setup constraints courtyard; error
    @(150.0570 mm, 104.2500 mm): Footprint H10
    @(145.2500 mm, 106.6000 mm): Footprint C37
[courtyards_overlap]: Courtyards overlap
    Rule: board setup constraints courtyard; error
    @(123.7000 mm, 106.8000 mm): Footprint C57
    @(130.2500 mm, 110.1000 mm): Footprint C31
[courtyards_overlap]: Courtyards overlap
    Rule: board setup constraints courtyard; error
    @(109.0000 mm, 120.5275 mm): Footprint C27
    @(107.7500 mm, 121.7775 mm): Footprint C25
[copper_edge_clearance]: Board edge clearance violation (board setup constraints edge clearance 0.2000 mm; actual 0.1961 mm)
    Rule: board setup constraints edge; error
    @(150.0750 mm, 137.7250 mm): Segment on Edge.Cuts
    @(137.0986 mm, 136.5289 mm): Pad 4 [GND] of J1 on F.Cu
[copper_edge_clearance]: Board edge clearance violation (board setup constraints edge clearance 0.2000 mm; actual 0.1961 mm)
    Rule: board setup constraints edge; error
    @(150.0750 mm, 137.7250 mm): Segment on Edge.Cuts
    @(132.4984 mm, 136.5289 mm): Pad 5 [GND] of J1 on F.Cu
[copper_edge_clearance]: Board edge clearance violation (board setup constraints edge clearance 0.2000 mm; actual 0.1649 mm)
    Rule: board setup constraints edge; error
    @(150.0750 mm, 100.8000 mm): Segment on Edge.Cuts
    @(115.6000 mm, 101.6649 mm): Pad 2 [GND] of U5 on F.Cu
[copper_edge_clearance]: Board edge clearance violation (board setup constraints edge clearance 0.2000 mm; actual 0.0000 mm)
    Rule: board setup constraints edge; error
    @(150.0750 mm, 100.8000 mm): Segment on Edge.Cuts
    @(109.0000 mm, 102.4050 mm): Pad 2 [VCC] of C43 on F.Cu
[copper_edge_clearance]: Board edge clearance violation (board setup constraints edge clearance 0.2000 mm; actual 0.0000 mm)
    Rule: board setup constraints edge; error
    @(150.0750 mm, 100.8000 mm): Segment on Edge.Cuts
    @(123.7000 mm, 102.4050 mm): Pad 2 [VCC] of C57 on F.Cu
[padstack_invalid]: Padstack is not valid (custom pad shape must resolve to a single polygon)
    Local override; error
    @(148.1095 mm, 135.9282 mm): Pad 1 [GND] of H9 on F.Cu
[padstack_invalid]: Padstack is not valid (custom pad shape must resolve to a single polygon)
    Local override; error
    @(148.3216 mm, 132.3592 mm): Pad 1 [GND] of H9 on F.Cu
[padstack_invalid]: Padstack is not valid (custom pad shape must resolve to a single polygon)
    Local override; error
    @(151.6784 mm, 136.1405 mm): Pad 1 [GND] of H9 on F.Cu
[padstack_invalid]: Padstack is not valid (custom pad shape must resolve to a single polygon)
    Local override; error
    @(151.8905 mm, 132.5718 mm): Pad 1 [GND] of H9 on F.Cu
[padstack_invalid]: Padstack is not valid (custom pad shape must resolve to a single polygon)
    Local override; error
    @(78.1095 mm, 105.9282 mm): Pad 1 [GND] of H3 on F.Cu
[padstack_invalid]: Padstack is not valid (custom pad shape must resolve to a single polygon)
    Local override; error
    @(78.3216 mm, 102.3592 mm): Pad 1 [GND] of H3 on F.Cu
[padstack_invalid]: Padstack is not valid (custom pad shape must resolve to a single polygon)
    Local override; error
    @(81.6784 mm, 106.1405 mm): Pad 1 [GND] of H3 on F.Cu
[padstack_invalid]: Padstack is not valid (custom pad shape must resolve to a single polygon)
    Local override; error
    @(81.8905 mm, 102.5718 mm): Pad 1 [GND] of H3 on F.Cu
[padstack_invalid]: Padstack is not valid (custom pad shape must resolve to a single polygon)
    Local override; error
    @(148.1665 mm, 105.9282 mm): Pad 1 [GND] of H12 on F.Cu
[padstack_invalid]: Padstack is not valid (custom pad shape must resolve to a single polygon)
    Local override; error
    @(148.3786 mm, 102.3592 mm): Pad 1 [GND] of H12 on F.Cu
[padstack_invalid]: Padstack is not valid (custom pad shape must resolve to a single polygon)
    Local override; error
    @(151.7354 mm, 106.1405 mm): Pad 1 [GND] of H12 on F.Cu
[padstack_invalid]: Padstack is not valid (custom pad shape must resolve to a single polygon)
    Local override; error
    @(151.9475 mm, 102.5718 mm): Pad 1 [GND] of H12 on F.Cu
[padstack_invalid]: Padstack is not valid (custom pad shape must resolve to a single polygon)
    Local override; error
    @(78.1095 mm, 135.9282 mm): Pad 1 [GND] of H6 on F.Cu
[padstack_invalid]: Padstack is not valid (custom pad shape must resolve to a single polygon)
    Local override; error
    @(78.3216 mm, 132.3592 mm): Pad 1 [GND] of H6 on F.Cu
[padstack_invalid]: Padstack is not valid (custom pad shape must resolve to a single polygon)
    Local override; error
    @(81.6784 mm, 136.1405 mm): Pad 1 [GND] of H6 on F.Cu
[padstack_invalid]: Padstack is not valid (custom pad shape must resolve to a single polygon)
    Local override; error
    @(81.8905 mm, 132.5718 mm): Pad 1 [GND] of H6 on F.Cu
[starved_thermal]: Thermal relief connection to zone incomplete (layer F.Cu; zone min spoke count 2; actual 1)
    Local override; error
    @(74.7388 mm, 96.7871 mm): Zone 'In1.GND' [GND] on F.Cu, B.Cu and 2 more, priority 0
    @(98.4800 mm, 118.5000 mm): Pad 1 [GND] of C60 on F.Cu
[starved_thermal]: Thermal relief connection to zone incomplete (layer F.Cu; zone min spoke count 2; actual 1)
    Local override; error
    @(74.7388 mm, 96.7871 mm): Zone 'In1.GND' [GND] on F.Cu, B.Cu and 2 more, priority 0
    @(106.6606 mm, 121.3669 mm): Pad 2 [GND] of C26 on F.Cu
[solder_mask_bridge]: Rear solder mask aperture bridges items with different nets
    Rule: board setup solder mask min width; error
    @(80.0000 mm, 104.2500 mm): NPTH pad of H3
    @(80.0000 mm, 104.2500 mm): PTH pad 1 [GND] of H1
[solder_mask_bridge]: Rear solder mask aperture bridges items with different nets
    Rule: board setup solder mask min width; error
    @(150.0000 mm, 134.2500 mm): NPTH pad of H9
    @(150.0000 mm, 134.2500 mm): PTH pad 1 [GND] of H7
[solder_mask_bridge]: Rear solder mask aperture bridges items with different nets
    Rule: board setup solder mask min width; error
    @(80.0000 mm, 134.2500 mm): NPTH pad of H6
    @(80.0000 mm, 134.2500 mm): PTH pad 1 [GND] of H4
[solder_mask_bridge]: Rear solder mask aperture bridges items with different nets
    Rule: board setup solder mask min width; error
    @(150.0570 mm, 104.2500 mm): NPTH pad of H12
    @(150.0570 mm, 104.2500 mm): PTH pad 1 [GND] of H10
[track_dangling]: Track has unconnected end
    Local override; warning
    @(100.8400 mm, 128.1600 mm): Track [/SPI2_MISO] on B.Cu, length 1.000e-06 mm
[track_dangling]: Track has unconnected end
    Local override; warning
    @(131.6400 mm, 125.8600 mm): Track [/BOOT] on B.Cu, length 0.2982 mm
[connection_width]: Copper connection too narrow (board setup constraints minimum connection width 0.1600 mm; actual 0.1402 mm) (F.Cu)
    Rule: board setup constraints; warning
    @(85.0500 mm, 129.4649 mm): Pad 1 [GND] of U9 on F.Cu
    @(85.0500 mm, 129.4649 mm): Track [GND] on F.Cu, length 0.5150 mm
[connection_width]: Copper connection too narrow (board setup constraints minimum connection width 0.1600 mm; actual 0.1304 mm) (F.Cu)
    Rule: board setup constraints; warning
    @(74.7388 mm, 96.7871 mm): Zone 'In1.GND' [GND] on F.Cu, B.Cu and 2 more, priority 0
[connection_width]: Copper connection too narrow (board setup constraints minimum connection width 0.1600 mm; actual 0.1331 mm) (F.Cu)
    Rule: board setup constraints; warning
    @(74.7388 mm, 96.7871 mm): Zone 'In1.GND' [GND] on F.Cu, B.Cu and 2 more, priority 0
[silk_edge_clearance]: Silkscreen clipped by board edge
    Rule: board setup constraints silk; warning
    @(150.0750 mm, 100.8000 mm): Segment on Edge.Cuts
    @(127.8332 mm, 101.7587 mm): Polygon on B.Silkscreen
[silk_edge_clearance]: Silkscreen clipped by board edge
    Rule: board setup constraints silk; warning
    @(150.0750 mm, 100.8000 mm): Segment on Edge.Cuts
    @(148.8265 mm, 118.1053 mm): Polygon on B.Silkscreen
[silk_edge_clearance]: Silkscreen clipped by board edge
    Rule: board setup constraints silk; warning
    @(150.0750 mm, 100.8000 mm): Segment on Edge.Cuts
    @(95.2865 mm, 100.7986 mm): Polygon on B.Silkscreen
[silk_edge_clearance]: Silkscreen clipped by board edge
    Rule: board setup constraints silk; warning
    @(150.0750 mm, 100.8000 mm): Segment on Edge.Cuts
    @(102.5132 mm, 117.8786 mm): Polygon on B.Silkscreen
[silk_edge_clearance]: Silkscreen clipped by board edge
    Rule: board setup constraints silk; warning
    @(76.5250 mm, 134.3250 mm): Segment on Edge.Cuts
    @(71.2632 mm, 104.1353 mm): Polygon on B.Silkscreen
[silk_edge_clearance]: Silkscreen clipped by board edge
    Rule: board setup constraints silk; warning
    @(150.0750 mm, 100.8000 mm): Segment on Edge.Cuts
    @(139.5599 mm, 106.2494 mm): Segment of J9 on F.Silkscreen
[silk_edge_clearance]: Silkscreen clipped by board edge
    Rule: board setup constraints silk; warning
    @(150.0750 mm, 100.8000 mm): Segment on Edge.Cuts
    @(138.6749 mm, 100.1014 mm): Segment of J9 on F.Silkscreen
[silk_edge_clearance]: Silkscreen clipped by board edge
    Rule: board setup constraints silk; warning
    @(150.0750 mm, 100.8000 mm): Segment on Edge.Cuts
    @(137.4049 mm, 101.7524 mm): Segment of J9 on F.Silkscreen
[silk_edge_clearance]: Silkscreen clipped by board edge
    Rule: board setup constraints silk; warning
    @(150.0750 mm, 100.8000 mm): Segment on Edge.Cuts
    @(136.1283 mm, 100.1000 mm): Segment of J9 on F.Silkscreen
[silk_edge_clearance]: Silkscreen clipped by board edge
    Rule: board setup constraints silk; warning
    @(150.0750 mm, 100.8000 mm): Segment on Edge.Cuts
    @(134.8583 mm, 101.7510 mm): Segment of J9 on F.Silkscreen
[silk_edge_clearance]: Silkscreen clipped by board edge
    Rule: board setup constraints silk; warning
    @(150.0750 mm, 100.8000 mm): Segment on Edge.Cuts
    @(133.5784 mm, 100.1000 mm): Segment of J9 on F.Silkscreen
[silk_edge_clearance]: Silkscreen clipped by board edge
    Rule: board setup constraints silk; warning
    @(150.0750 mm, 100.8000 mm): Segment on Edge.Cuts
    @(132.3084 mm, 101.7510 mm): Segment of J9 on F.Silkscreen
[silk_edge_clearance]: Silkscreen clipped by board edge
    Rule: board setup constraints silk; warning
    @(150.0750 mm, 100.8000 mm): Segment on Edge.Cuts
    @(131.4399 mm, 106.2494 mm): Segment of J9 on F.Silkscreen
[silk_edge_clearance]: Silkscreen clipped by board edge
    Rule: board setup constraints silk; warning
    @(150.0750 mm, 100.8000 mm): Segment on Edge.Cuts
    @(138.0400 mm, 101.4984 mm): Polygon of J9 on F.Silkscreen
[silk_edge_clearance]: Silkscreen clipped by board edge
    Rule: board setup constraints silk; warning
    @(150.0750 mm, 100.8000 mm): Segment on Edge.Cuts
    @(135.4934 mm, 101.4972 mm): Polygon of J9 on F.Silkscreen
[silk_edge_clearance]: Silkscreen clipped by board edge
    Rule: board setup constraints silk; warning
    @(150.0750 mm, 100.8000 mm): Segment on Edge.Cuts
    @(132.9435 mm, 101.4972 mm): Polygon of J9 on F.Silkscreen
[silk_edge_clearance]: Silkscreen clipped by board edge
    Rule: board setup constraints silk; warning
    @(150.0750 mm, 100.8000 mm): Segment on Edge.Cuts
    @(96.3199 mm, 106.2000 mm): Segment of J10 on F.Silkscreen
[silk_edge_clearance]: Silkscreen clipped by board edge
    Rule: board setup constraints silk; warning
    @(150.0750 mm, 100.8000 mm): Segment on Edge.Cuts
    @(92.8883 mm, 100.0506 mm): Segment of J10 on F.Silkscreen
[silk_edge_clearance]: Silkscreen clipped by board edge
    Rule: board setup constraints silk; warning
    @(150.0750 mm, 100.8000 mm): Segment on Edge.Cuts
    @(91.6183 mm, 101.7016 mm): Segment of J10 on F.Silkscreen
[silk_edge_clearance]: Silkscreen clipped by board edge
    Rule: board setup constraints silk; warning
    @(150.0750 mm, 100.8000 mm): Segment on Edge.Cuts
    @(94.1649 mm, 101.7030 mm): Segment of J10 on F.Silkscreen
[silk_edge_clearance]: Silkscreen clipped by board edge
    Rule: board setup constraints silk; warning
    @(150.0750 mm, 100.8000 mm): Segment on Edge.Cuts
    @(90.3384 mm, 100.0506 mm): Segment of J10 on F.Silkscreen
[silk_edge_clearance]: Silkscreen clipped by board edge
    Rule: board setup constraints silk; warning
    @(150.0750 mm, 100.8000 mm): Segment on Edge.Cuts
    @(89.0684 mm, 101.7016 mm): Segment of J10 on F.Silkscreen
[silk_edge_clearance]: Silkscreen clipped by board edge
    Rule: board setup constraints silk; warning
    @(150.0750 mm, 100.8000 mm): Segment on Edge.Cuts
    @(88.1999 mm, 106.2000 mm): Segment of J10 on F.Silkscreen
[silk_edge_clearance]: Silkscreen clipped by board edge
    Rule: board setup constraints silk; warning
    @(150.0750 mm, 100.8000 mm): Segment on Edge.Cuts
    @(95.4349 mm, 100.0520 mm): Segment of J10 on F.Silkscreen
[silk_edge_clearance]: Silkscreen clipped by board edge
    Rule: board setup constraints silk; warning
    @(150.0750 mm, 100.8000 mm): Segment on Edge.Cuts
    @(94.7999 mm, 101.4491 mm): Polygon of J10 on F.Silkscreen
[silk_edge_clearance]: Silkscreen clipped by board edge
    Rule: board setup constraints silk; warning
    @(150.0750 mm, 100.8000 mm): Segment on Edge.Cuts
    @(92.2534 mm, 101.4479 mm): Polygon of J10 on F.Silkscreen
[silk_edge_clearance]: Silkscreen clipped by board edge
    Rule: board setup constraints silk; warning
    @(150.0750 mm, 100.8000 mm): Segment on Edge.Cuts
    @(89.7035 mm, 101.4479 mm): Polygon of J10 on F.Silkscreen
[silk_edge_clearance]: Silkscreen clipped by board edge
    Rule: board setup constraints silk; warning
    @(150.0750 mm, 137.7250 mm): Segment on Edge.Cuts
    @(150.0000 mm, 134.2500 mm): Circle of H9 on F.Silkscreen
[silk_edge_clearance]: Silkscreen clipped by board edge
    Rule: board setup constraints silk; warning
    @(79.9250 mm, 104.2000 mm): Arc on Edge.Cuts
    @(80.0000 mm, 104.2500 mm): Circle of H3 on F.Silkscreen
[silk_edge_clearance]: Silkscreen clipped by board edge
    Rule: board setup constraints silk; warning
    @(150.0750 mm, 137.7250 mm): Segment on Edge.Cuts
    @(92.8811 mm, 139.1106 mm): Segment of J2 on F.Silkscreen
[silk_edge_clearance]: Silkscreen clipped by board edge
    Rule: board setup constraints silk; warning
    @(150.0750 mm, 137.7250 mm): Segment on Edge.Cuts
    @(101.8211 mm, 139.1106 mm): Segment of J2 on F.Silkscreen
[silk_edge_clearance]: Silkscreen clipped by board edge
    Rule: board setup constraints silk; warning
    @(153.4750 mm, 104.2000 mm): Segment on Edge.Cuts
    @(149.0501 mm, 117.7900 mm): Segment of J6 on F.Silkscreen
[silk_edge_clearance]: Silkscreen clipped by board edge
    Rule: board setup constraints silk; warning
    @(153.4750 mm, 104.2000 mm): Segment on Edge.Cuts
    @(153.5470 mm, 116.9050 mm): Segment of J6 on F.Silkscreen
[silk_edge_clearance]: Silkscreen clipped by board edge
    Rule: board setup constraints silk; warning
    @(153.4750 mm, 104.2000 mm): Segment on Edge.Cuts
    @(155.1980 mm, 116.9050 mm): Segment of J6 on F.Silkscreen
[silk_edge_clearance]: Silkscreen clipped by board edge
    Rule: board setup constraints silk; warning
    @(153.4750 mm, 104.2000 mm): Segment on Edge.Cuts
    @(153.5470 mm, 115.6350 mm): Segment of J6 on F.Silkscreen
[silk_edge_clearance]: Silkscreen clipped by board edge
    Rule: board setup constraints silk; warning
    @(153.4750 mm, 104.2000 mm): Segment on Edge.Cuts
    @(153.5485 mm, 114.3485 mm): Segment of J6 on F.Silkscreen
[silk_edge_clearance]: Silkscreen clipped by board edge
    Rule: board setup constraints silk; warning
    @(153.4750 mm, 104.2000 mm): Segment on Edge.Cuts
    @(155.1975 mm, 114.3485 mm): Segment of J6 on F.Silkscreen
[silk_edge_clearance]: Silkscreen clipped by board edge
    Rule: board setup constraints silk; warning
    @(153.4750 mm, 104.2000 mm): Segment on Edge.Cuts
    @(153.5485 mm, 113.0785 mm): Segment of J6 on F.Silkscreen
[silk_edge_clearance]: Silkscreen clipped by board edge
    Rule: board setup constraints silk; warning
    @(153.4750 mm, 104.2000 mm): Segment on Edge.Cuts
    @(149.0501 mm, 112.2100 mm): Segment of J6 on F.Silkscreen
[silk_edge_clearance]: Silkscreen clipped by board edge
    Rule: board setup constraints silk; warning
    @(150.0750 mm, 100.8000 mm): Segment on Edge.Cuts
    @(150.0570 mm, 104.2500 mm): Circle of H12 on F.Silkscreen
[silk_edge_clearance]: Silkscreen clipped by board edge
    Rule: board setup constraints silk; warning
    @(76.5250 mm, 134.3250 mm): Segment on Edge.Cuts
    @(80.0000 mm, 134.2500 mm): Circle of H6 on F.Silkscreen
[silk_edge_clearance]: Silkscreen clipped by board edge
    Rule: board setup constraints silk; warning
    @(76.5250 mm, 134.3250 mm): Segment on Edge.Cuts
    @(80.9577 mm, 117.7824 mm): Segment of J4 on F.Silkscreen
[silk_edge_clearance]: Silkscreen clipped by board edge
    Rule: board setup constraints silk; warning
    @(76.5250 mm, 134.3250 mm): Segment on Edge.Cuts
    @(76.4593 mm, 116.9139 mm): Segment of J4 on F.Silkscreen
[silk_edge_clearance]: Silkscreen clipped by board edge
    Rule: board setup constraints silk; warning
    @(76.5250 mm, 134.3250 mm): Segment on Edge.Cuts
    @(76.4593 mm, 115.6439 mm): Segment of J4 on F.Silkscreen
[silk_edge_clearance]: Silkscreen clipped by board edge
    Rule: board setup constraints silk; warning
    @(76.5250 mm, 134.3250 mm): Segment on Edge.Cuts
    @(74.8103 mm, 115.6439 mm): Segment of J4 on F.Silkscreen
[silk_edge_clearance]: Silkscreen clipped by board edge
    Rule: board setup constraints silk; warning
    @(76.5250 mm, 134.3250 mm): Segment on Edge.Cuts
    @(76.4607 mm, 114.3574 mm): Segment of J4 on F.Silkscreen
[silk_edge_clearance]: Silkscreen clipped by board edge
    Rule: board setup constraints silk; warning
    @(76.5250 mm, 134.3250 mm): Segment on Edge.Cuts
    @(76.4607 mm, 113.0874 mm): Segment of J4 on F.Silkscreen
[silk_edge_clearance]: Silkscreen clipped by board edge
    Rule: board setup constraints silk; warning
    @(76.5250 mm, 134.3250 mm): Segment on Edge.Cuts
    @(74.8097 mm, 113.0874 mm): Segment of J4 on F.Silkscreen
[silk_edge_clearance]: Silkscreen clipped by board edge
    Rule: board setup constraints silk; warning
    @(76.5250 mm, 134.3250 mm): Segment on Edge.Cuts
    @(80.9577 mm, 112.2023 mm): Segment of J4 on F.Silkscreen
[silk_edge_clearance]: Silkscreen clipped by board edge
    Rule: board setup constraints silk; warning
    @(150.0750 mm, 137.7250 mm): Segment on Edge.Cuts
    @(102.4150 mm, 119.5417 mm): Polygon of G*** on B.Silkscreen
[hole_to_hole]: Drilled hole too close to other hole (board setup constraints min 0.2535 mm; actual 0.2000 mm)
    Rule: board setup constraints; warning
    @(126.5000 mm, 118.6000 mm): Via [GND] on F.Cu - B.Cu
    @(126.1000 mm, 118.3000 mm): Via [GND] on F.Cu - B.Cu
[holes_co_located]: Drilled holes co-located
    Local override; warning
    @(91.7500 mm, 108.7500 mm): Via [GND] on F.Cu - B.Cu
    @(91.7500 mm, 108.7500 mm): Via [GND] on F.Cu - B.Cu
[holes_co_located]: Drilled holes co-located
    Local override; warning
    @(91.7500 mm, 111.7500 mm): Via [GND] on F.Cu - B.Cu
    @(91.7500 mm, 111.7500 mm): Via [GND] on F.Cu - B.Cu
[holes_co_located]: Drilled holes co-located
    Local override; warning
    @(93.7500 mm, 108.7500 mm): Via [GND] on F.Cu - B.Cu
    @(93.7500 mm, 108.7500 mm): Via [GND] on F.Cu - B.Cu
[holes_co_located]: Drilled holes co-located
    Local override; warning
    @(115.6000 mm, 132.6000 mm): Via [GND] on F.Cu - B.Cu
    @(115.6000 mm, 132.6000 mm): Via [GND] on F.Cu - B.Cu
[holes_co_located]: Drilled holes co-located
    Local override; warning
    @(93.7500 mm, 111.7500 mm): Via [GND] on F.Cu - B.Cu
    @(93.7500 mm, 111.7500 mm): Via [GND] on F.Cu - B.Cu
[holes_co_located]: Drilled holes co-located
    Local override; warning
    @(92.7500 mm, 111.7500 mm): Via [GND] on F.Cu - B.Cu
    @(92.7500 mm, 111.7500 mm): Via [GND] on F.Cu - B.Cu
[holes_co_located]: Drilled holes co-located
    Local override; warning
    @(90.7500 mm, 111.7500 mm): Via [GND] on F.Cu - B.Cu
    @(90.7500 mm, 111.7500 mm): Via [GND] on F.Cu - B.Cu
[holes_co_located]: Drilled holes co-located
    Local override; warning
    @(90.7500 mm, 108.7500 mm): Via [GND] on F.Cu - B.Cu
    @(90.7500 mm, 108.7500 mm): Via [GND] on F.Cu - B.Cu
[holes_co_located]: Drilled holes co-located
    Local override; warning
    @(92.7500 mm, 108.7500 mm): Via [GND] on F.Cu - B.Cu
    @(92.7500 mm, 108.7500 mm): Via [GND] on F.Cu - B.Cu
[lib_footprint_mismatch]: Footprint 'C_0402_1005Metric' does not match copy in library 'Capacitor_SMD'
    Local override; warning
    @(125.1000 mm, 129.4000 mm): Footprint C16
[lib_footprint_mismatch]: Footprint 'C_0402_1005Metric' does not match copy in library 'Capacitor_SMD'
    Local override; warning
    @(107.2500 mm, 124.5275 mm): Footprint C22
[lib_footprint_mismatch]: Footprint 'R_0402_1005Metric' does not match copy in library 'Resistor_SMD'
    Local override; warning
    @(108.0634 mm, 132.4385 mm): Footprint R20
[lib_footprint_mismatch]: Footprint 'C_0402_1005Metric' does not match copy in library 'Capacitor_SMD'
    Local override; warning
    @(120.5000 mm, 118.2775 mm): Footprint C10
[lib_footprint_mismatch]: Footprint 'C_0402_1005Metric' does not match copy in library 'Capacitor_SMD'
    Local override; warning
    @(108.2500 mm, 119.7775 mm): Footprint C28
[lib_footprint_mismatch]: Footprint 'C_0402_1005Metric' does not match copy in library 'Capacitor_SMD'
    Local override; warning
    @(96.7745 mm, 128.1581 mm): Footprint C1
[lib_footprint_mismatch]: Footprint 'R_0603_1608Metric' does not match copy in library 'Resistor_SMD'
    Local override; warning
    @(106.1769 mm, 120.1553 mm): Footprint R34
[lib_footprint_mismatch]: Footprint 'R_0402_1005Metric' does not match copy in library 'Resistor_SMD'
    Local override; warning
    @(100.7500 mm, 129.5000 mm): Footprint R3
[lib_footprint_mismatch]: Footprint 'R_0402_1005Metric' does not match copy in library 'Resistor_SMD'
    Local override; warning
    @(112.3000 mm, 113.1000 mm): Footprint R1
[lib_footprint_mismatch]: Footprint 'C_0402_1005Metric' does not match copy in library 'Capacitor_SMD'
    Local override; warning
    @(107.5789 mm, 131.4854 mm): Footprint C17
[lib_footprint_mismatch]: Footprint 'R_0402_1005Metric' does not match copy in library 'Resistor_SMD'
    Local override; warning
    @(118.7107 mm, 115.8178 mm): Footprint R12
[lib_footprint_mismatch]: Footprint 'C_0402_1005Metric' does not match copy in library 'Capacitor_SMD'
    Local override; warning
    @(114.5000 mm, 132.7775 mm): Footprint C23
[lib_footprint_mismatch]: Footprint 'R_0402_1005Metric' does not match copy in library 'Resistor_SMD'
    Local override; warning
    @(106.6063 mm, 130.9814 mm): Footprint R14
[lib_footprint_mismatch]: Footprint 'R_0402_1005Metric' does not match copy in library 'Resistor_SMD'
    Local override; warning
    @(119.9500 mm, 113.0000 mm): Footprint R4
[lib_footprint_mismatch]: Footprint 'C_0402_1005Metric' does not match copy in library 'Capacitor_SMD'
    Local override; warning
    @(98.1933 mm, 129.5896 mm): Footprint C2
[lib_footprint_mismatch]: Footprint 'C_0603_1608Metric' does not match copy in library 'Capacitor_SMD'
    Local override; warning
    @(105.7500 mm, 124.0275 mm): Footprint C24
[lib_footprint_mismatch]: Footprint 'C_0402_1005Metric' does not match copy in library 'Capacitor_SMD'
    Local override; warning
    @(122.7500 mm, 124.5275 mm): Footprint C20
[lib_footprint_mismatch]: Footprint 'R_0402_1005Metric' does not match copy in library 'Resistor_SMD'
    Local override; warning
    @(120.1249 mm, 117.2320 mm): Footprint R13
[lib_footprint_mismatch]: Footprint 'SOT-23-3_L2.9-W1.6-P1.90-LS2.8-BR' does not match copy in library 'Transistor_BJT__C'
    Local override; warning
    @(115.2000 mm, 111.6000 mm): Footprint U3
[lib_footprint_mismatch]: Footprint 'L_0603_1608Metric' does not match copy in library 'Inductor_SMD'
    Local override; warning
    @(106.1750 mm, 120.1500 mm): Footprint L3
[lib_footprint_mismatch]: Footprint 'C_0402_1005Metric' does not match copy in library 'Capacitor_SMD'
    Local override; warning
    @(107.0000 mm, 121.0275 mm): Footprint C26
[lib_footprint_mismatch]: Footprint 'C_0402_1005Metric' does not match copy in library 'Capacitor_SMD'
    Local override; warning
    @(119.0858 mm, 116.8633 mm): Footprint C9
[lib_footprint_mismatch]: Footprint 'C_0402_1005Metric' does not match copy in library 'Capacitor_SMD'
    Local override; warning
    @(109.0000 mm, 120.5275 mm): Footprint C27
[lib_footprint_mismatch]: Footprint 'C_0402_1005Metric' does not match copy in library 'Capacitor_SMD'
    Local override; warning
    @(106.2929 mm, 129.8204 mm): Footprint C12
[lib_footprint_mismatch]: Footprint 'C_0402_1005Metric' does not match copy in library 'Capacitor_SMD'
    Local override; warning
    @(107.7500 mm, 121.7775 mm): Footprint C25
[lib_footprint_mismatch]: Footprint 'C_0402_1005Metric' does not match copy in library 'Capacitor_SMD'
    Local override; warning
    @(115.5000 mm, 117.2775 mm): Footprint C21
[text_height]: Text height out of range (board setup constraints silk text height min height 0.8000 mm; actual 0.6000 mm)
    Rule: board setup constraints silk text height; warning
    @(144.4750 mm, 122.0750 mm): PCB text 'TWIN28xx
DRV8316C
STM32G474
MT6701' on B.Silkscreen
[text_height]: Text height out of range (board setup constraints silk text height min height 0.8000 mm; actual 0.6000 mm)
    Rule: board setup constraints silk text height; warning
    @(123.6000 mm, 131.5000 mm): PCB text 'I2C PULLUP' on B.Silkscreen
[text_height]: Text height out of range (board setup constraints silk text height min height 0.8000 mm; actual 0.6000 mm)
    Rule: board setup constraints silk text height; warning
    @(129.3750 mm, 129.3250 mm): PCB text 'CAN TERMINATION' on B.Silkscreen
[text_height]: Text height out of range (board setup constraints silk text height min height 0.8000 mm; actual 0.6000 mm)
    Rule: board setup constraints silk text height; warning
    @(135.4999 mm, 108.2505 mm): Reference field of J9
[text_height]: Text height out of range (board setup constraints silk text height min height 0.8000 mm; actual 0.6000 mm)
    Rule: board setup constraints silk text height; warning
    @(124.6000 mm, 128.4000 mm): Reference field of C16
[text_height]: Text height out of range (board setup constraints silk text height min height 0.8000 mm; actual 0.6000 mm)
    Rule: board setup constraints silk text height; warning
    @(92.2599 mm, 108.2011 mm): Reference field of J10
[text_height]: Text height out of range (board setup constraints silk text height min height 0.8000 mm; actual 0.6000 mm)
    Rule: board setup constraints silk text height; warning
    @(125.4073 mm, 134.4000 mm): Reference field of R28
[text_height]: Text height out of range (board setup constraints silk text height min height 0.8000 mm; actual 0.6000 mm)
    Rule: board setup constraints silk text height; warning
    @(137.4750 mm, 132.1250 mm): Reference field of J5
[text_height]: Text height out of range (board setup constraints silk text height min height 0.8000 mm; actual 0.6000 mm)
    Rule: board setup constraints silk text height; warning
    @(141.5500 mm, 116.9000 mm): Reference field of C34
[text_height]: Text height out of range (board setup constraints silk text height min height 0.8000 mm; actual 0.6000 mm)
    Rule: board setup constraints silk text height; warning
    @(134.7000 mm, 130.3000 mm): Reference field of J1
[text_height]: Text height out of range (board setup constraints silk text height min height 0.8000 mm; actual 0.6000 mm)
    Rule: board setup constraints silk text height; warning
    @(105.8000 mm, 126.0000 mm): Reference field of C22
[text_height]: Text height out of range (board setup constraints silk text height min height 0.8000 mm; actual 0.6000 mm)
    Rule: board setup constraints silk text height; warning
    @(91.0000 mm, 114.7500 mm): Reference field of TP39
[text_height]: Text height out of range (board setup constraints silk text height min height 0.8000 mm; actual 0.6000 mm)
    Rule: board setup constraints silk text height; warning
    @(141.8500 mm, 102.6250 mm): Reference field of C40
[text_height]: Text height out of range (board setup constraints silk text height min height 0.8000 mm; actual 0.6000 mm)
    Rule: board setup constraints silk text height; warning
    @(106.5000 mm, 133.9000 mm): Reference field of R20
[text_height]: Text height out of range (board setup constraints silk text height min height 0.8000 mm; actual 0.6000 mm)
    Rule: board setup constraints silk text height; warning
    @(86.6000 mm, 111.4000 mm): Reference field of C45
[text_height]: Text height out of range (board setup constraints silk text height min height 0.8000 mm; actual 0.6000 mm)
    Rule: board setup constraints silk text height; warning
    @(120.3000 mm, 132.8750 mm): Reference field of R18
[text_height]: Text height out of range (board setup constraints silk text height min height 0.8000 mm; actual 0.6000 mm)
    Rule: board setup constraints silk text height; warning
    @(133.3000 mm, 125.7000 mm): Reference field of U17
[text_height]: Text height out of range (board setup constraints silk text height min height 0.8000 mm; actual 0.6000 mm)
    Rule: board setup constraints silk text height; warning
    @(84.9000 mm, 135.9000 mm): Reference field of C6
[text_height]: Text height out of range (board setup constraints silk text height min height 0.8000 mm; actual 0.6000 mm)
    Rule: board setup constraints silk text height; warning
    @(127.1000 mm, 117.4000 mm): Reference field of C18
[text_height]: Text height out of range (board setup constraints silk text height min height 0.8000 mm; actual 0.6000 mm)
    Rule: board setup constraints silk text height; warning
    @(79.4000 mm, 126.0000 mm): Reference field of LED2
[text_height]: Text height out of range (board setup constraints silk text height min height 0.8000 mm; actual 0.6000 mm)
    Rule: board setup constraints silk text height; warning
    @(101.7500 mm, 116.8020 mm): Reference field of TP1
[text_height]: Text height out of range (board setup constraints silk text height min height 0.8000 mm; actual 0.6000 mm)
    Rule: board setup constraints silk text height; warning
    @(116.4000 mm, 116.3000 mm): Reference field of TP28
[text_height]: Text height out of range (board setup constraints silk text height min height 0.8000 mm; actual 0.6000 mm)
    Rule: board setup constraints silk text height; warning
    @(121.3000 mm, 118.9000 mm): Reference field of C10
[text_height]: Text height out of range (board setup constraints silk text height min height 0.8000 mm; actual 0.6000 mm)
    Rule: board setup constraints silk text height; warning
    @(120.2750 mm, 133.7000 mm): Reference field of R40
[text_height]: Text height out of range (board setup constraints silk text height min height 0.8000 mm; actual 0.6000 mm)
    Rule: board setup constraints silk text height; warning
    @(103.5000 mm, 122.6980 mm): Reference field of TP4
[text_height]: Text height out of range (board setup constraints silk text height min height 0.8000 mm; actual 0.6000 mm)
    Rule: board setup constraints silk text height; warning
    @(124.5000 mm, 135.8000 mm): Reference field of FID3
[text_height]: Text height out of range (board setup constraints silk text height min height 0.8000 mm; actual 0.6000 mm)
    Rule: board setup constraints silk text height; warning
    @(95.5740 mm, 117.6480 mm): Reference field of U18
[text_height]: Text height out of range (board setup constraints silk text height min height 0.8000 mm; actual 0.6000 mm)
    Rule: board setup constraints silk text height; warning
    @(106.8250 mm, 117.1250 mm): Reference field of C28
[text_height]: Text height out of range (board setup constraints silk text height min height 0.8000 mm; actual 0.6000 mm)
    Rule: board setup constraints silk text height; warning
    @(93.3000 mm, 129.3000 mm): Reference field of R2
[text_height]: Text height out of range (board setup constraints silk text height min height 0.8000 mm; actual 0.6000 mm)
    Rule: board setup constraints silk text height; warning
    @(104.6000 mm, 133.9000 mm): Reference field of R9
[text_height]: Text height out of range (board setup constraints silk text height min height 0.8000 mm; actual 0.6000 mm)
    Rule: board setup constraints silk text height; warning
    @(103.7500 mm, 118.0000 mm): Reference field of TP2
[text_height]: Text height out of range (board setup constraints silk text height min height 0.8000 mm; actual 0.6000 mm)
    Rule: board setup constraints silk text height; warning
    @(88.7000 mm, 127.2000 mm): Reference field of J12
[text_height]: Text height out of range (board setup constraints silk text height min height 0.8000 mm; actual 0.6000 mm)
    Rule: board setup constraints silk text height; warning
    @(127.3000 mm, 112.4000 mm): Reference field of TP36
[text_height]: Text height out of range (board setup constraints silk text height min height 0.8000 mm; actual 0.6000 mm)
    Rule: board setup constraints silk text height; warning
    @(116.7000 mm, 113.9000 mm): Reference field of D1
[text_height]: Text height out of range (board setup constraints silk text height min height 0.8000 mm; actual 0.6000 mm)
    Rule: board setup constraints silk text height; warning
    @(140.5000 mm, 111.7074 mm): Reference field of C32
[text_height]: Text height out of range (board setup constraints silk text height min height 0.8000 mm; actual 0.6000 mm)
    Rule: board setup constraints silk text height; warning
    @(140.4500 mm, 108.0000 mm): Reference field of C36
[text_height]: Text height out of range (board setup constraints silk text height min height 0.8000 mm; actual 0.6000 mm)
    Rule: board setup constraints silk text height; warning
    @(141.8000 mm, 128.0000 mm): Reference field of J11
[text_height]: Text height out of range (board setup constraints silk text height min height 0.8000 mm; actual 0.6000 mm)
    Rule: board setup constraints silk text height; warning
    @(96.0000 mm, 128.7000 mm): Reference field of C1
[text_height]: Text height out of range (board setup constraints silk text height min height 0.8000 mm; actual 0.6000 mm)
    Rule: board setup constraints silk text height; warning
    @(132.8000 mm, 117.4870 mm): Reference field of TP13
[text_height]: Text height out of range (board setup constraints silk text height min height 0.8000 mm; actual 0.6000 mm)
    Rule: board setup constraints silk text height; warning
    @(148.8000 mm, 129.3000 mm): Reference field of SW1
[text_height]: Text height out of range (board setup constraints silk text height min height 0.8000 mm; actual 0.6000 mm)
    Rule: board setup constraints silk text height; warning
    @(130.8000 mm, 122.7000 mm): Reference field of R32
[text_height]: Text height out of range (board setup constraints silk text height min height 0.8000 mm; actual 0.6000 mm)
    Rule: board setup constraints silk text height; warning
    @(105.7000 mm, 112.6000 mm): Reference field of R25
[text_height]: Text height out of range (board setup constraints silk text height min height 0.8000 mm; actual 0.6000 mm)
    Rule: board setup constraints silk text height; warning
    @(115.6003 mm, 103.3860 mm): Reference field of U5
[text_height]: Text height out of range (board setup constraints silk text height min height 0.8000 mm; actual 0.6000 mm)
    Rule: board setup constraints silk text height; warning
    @(86.2500 mm, 117.0000 mm): Reference field of TP40
[text_height]: Text height out of range (board setup constraints silk text height min height 0.8000 mm; actual 0.6000 mm)
    Rule: board setup constraints silk text height; warning
    @(148.8000 mm, 125.0000 mm): Reference field of SW2
[text_height]: Text height out of range (board setup constraints silk text height min height 0.8000 mm; actual 0.6000 mm)
    Rule: board setup constraints silk text height; warning
    @(133.1660 mm, 115.7120 mm): Reference field of TP15
[text_height]: Text height out of range (board setup constraints silk text height min height 0.8000 mm; actual 0.6000 mm)
    Rule: board setup constraints silk text height; warning
    @(108.5000 mm, 134.1000 mm): Reference field of J3
[text_height]: Text height out of range (board setup constraints silk text height min height 0.8000 mm; actual 0.6000 mm)
    Rule: board setup constraints silk text height; warning
    @(106.0500 mm, 119.0500 mm): Reference field of R34
[text_height]: Text height out of range (board setup constraints silk text height min height 0.8000 mm; actual 0.6000 mm)
    Rule: board setup constraints silk text height; warning
    @(139.4000 mm, 116.9000 mm): Reference field of C35
[text_height]: Text height out of range (board setup constraints silk text height min height 0.8000 mm; actual 0.6000 mm)
    Rule: board setup constraints silk text height; warning
    @(101.5000 mm, 128.9000 mm): Reference field of R3
[text_height]: Text height out of range (board setup constraints silk text height min height 0.8000 mm; actual 0.6000 mm)
    Rule: board setup constraints silk text height; warning
    @(112.8500 mm, 113.7250 mm): Reference field of R1
[text_height]: Text height out of range (board setup constraints silk text height min height 0.8000 mm; actual 0.6000 mm)
    Rule: board setup constraints silk text height; warning
    @(101.5000 mm, 121.5000 mm): Reference field of TP3
[text_height]: Text height out of range (board setup constraints silk text height min height 0.8000 mm; actual 0.6000 mm)
    Rule: board setup constraints silk text height; warning
    @(129.2750 mm, 131.4000 mm): Reference field of U12
[text_height]: Text height out of range (board setup constraints silk text height min height 0.8000 mm; actual 0.6000 mm)
    Rule: board setup constraints silk text height; warning
    @(103.0000 mm, 114.7500 mm): Reference field of TP20
[text_height]: Text height out of range (board setup constraints silk text height min height 0.8000 mm; actual 0.6000 mm)
    Rule: board setup constraints silk text height; warning
    @(137.9000 mm, 118.8000 mm): Reference field of U16
[text_height]: Text height out of range (board setup constraints silk text height min height 0.8000 mm; actual 0.6000 mm)
    Rule: board setup constraints silk text height; warning
    @(131.9000 mm, 114.1000 mm): Reference field of TP31
[text_height]: Text height out of range (board setup constraints silk text height min height 0.8000 mm; actual 0.6000 mm)
    Rule: board setup constraints silk text height; warning
    @(106.1000 mm, 133.1000 mm): Reference field of C17
[text_height]: Text height out of range (board setup constraints silk text height min height 0.8000 mm; actual 0.6000 mm)
    Rule: board setup constraints silk text height; warning
    @(82.4000 mm, 111.8000 mm): Reference field of U2
[text_height]: Text height out of range (board setup constraints silk text height min height 0.8000 mm; actual 0.6000 mm)
    Rule: board setup constraints silk text height; warning
    @(124.2206 mm, 134.4037 mm): Reference field of R27
[text_height]: Text height out of range (board setup constraints silk text height min height 0.8000 mm; actual 0.6000 mm)
    Rule: board setup constraints silk text height; warning
    @(85.1000 mm, 132.2000 mm): Reference field of U9
[text_height]: Text height out of range (board setup constraints silk text height min height 0.8000 mm; actual 0.6000 mm)
    Rule: board setup constraints silk text height; warning
    @(92.9750 mm, 130.7000 mm): Reference field of J2
[text_height]: Text height out of range (board setup constraints silk text height min height 0.8000 mm; actual 0.6000 mm)
    Rule: board setup constraints silk text height; warning
    @(118.3000 mm, 115.3000 mm): Reference field of R12
[text_height]: Text height out of range (board setup constraints silk text height min height 0.8000 mm; actual 0.6000 mm)
    Rule: board setup constraints silk text height; warning
    @(144.9000 mm, 130.1000 mm): Reference field of U10
[text_height]: Text height out of range (board setup constraints silk text height min height 0.8000 mm; actual 0.6000 mm)
    Rule: board setup constraints silk text height; warning
    @(130.8000 mm, 127.2000 mm): Reference field of R22
[text_height]: Text height out of range (board setup constraints silk text height min height 0.8000 mm; actual 0.6000 mm)
    Rule: board setup constraints silk text height; warning
    @(132.5250 mm, 131.2250 mm): Reference field of R23
[text_height]: Text height out of range (board setup constraints silk text height min height 0.8000 mm; actual 0.6000 mm)
    Rule: board setup constraints silk text height; warning
    @(129.7000 mm, 112.5000 mm): Reference field of TP33
[text_height]: Text height out of range (board setup constraints silk text height min height 0.8000 mm; actual 0.6000 mm)
    Rule: board setup constraints silk text height; warning
    @(96.1000 mm, 116.3000 mm): Reference field of C49
[text_height]: Text height out of range (board setup constraints silk text height min height 0.8000 mm; actual 0.6000 mm)
    Rule: board setup constraints silk text height; warning
    @(152.0000 mm, 123.0000 mm): Reference field of C3
[text_height]: Text height out of range (board setup constraints silk text height min height 0.8000 mm; actual 0.6000 mm)
    Rule: board setup constraints silk text height; warning
    @(78.2000 mm, 125.2300 mm): Reference field of R8
[text_height]: Text height out of range (board setup constraints silk text height min height 0.8000 mm; actual 0.6000 mm)
    Rule: board setup constraints silk text height; warning
    @(122.8000 mm, 114.6000 mm): Reference field of TP21
[text_height]: Text height out of range (board setup constraints silk text height min height 0.8000 mm; actual 0.6000 mm)
    Rule: board setup constraints silk text height; warning
    @(128.0860 mm, 119.7760 mm): Reference field of TP16
[text_height]: Text height out of range (board setup constraints silk text height min height 0.8000 mm; actual 0.6000 mm)
    Rule: board setup constraints silk text height; warning
    @(115.9000 mm, 133.1000 mm): Reference field of C23
[text_height]: Text height out of range (board setup constraints silk text height min height 0.8000 mm; actual 0.6000 mm)
    Rule: board setup constraints silk text height; warning
    @(145.1250 mm, 121.0500 mm): Reference field of TP12
[text_height]: Text height out of range (board setup constraints silk text height min height 0.8000 mm; actual 0.6000 mm)
    Rule: board setup constraints silk text height; warning
    @(131.1069 mm, 131.3067 mm): Reference field of R24
[text_height]: Text height out of range (board setup constraints silk text height min height 0.8000 mm; actual 0.6000 mm)
    Rule: board setup constraints silk text height; warning
    @(152.7000 mm, 118.8000 mm): Reference field of J6
[text_height]: Text height out of range (board setup constraints silk text height min height 0.8000 mm; actual 0.6000 mm)
    Rule: board setup constraints silk text height; warning
    @(84.4000 mm, 124.1000 mm): Reference field of R11
[text_height]: Text height out of range (board setup constraints silk text height min height 0.8000 mm; actual 0.6000 mm)
    Rule: board setup constraints silk text height; warning
    @(147.2000 mm, 124.9000 mm): Reference field of TP30
[text_height]: Text height out of range (board setup constraints silk text height min height 0.8000 mm; actual 0.6000 mm)
    Rule: board setup constraints silk text height; warning
    @(140.1000 mm, 129.5500 mm): Reference field of U13
[text_height]: Text height out of range (board setup constraints silk text height min height 0.8000 mm; actual 0.6000 mm)
    Rule: board setup constraints silk text height; warning
    @(81.9000 mm, 122.5000 mm): Reference field of C5
[text_height]: Text height out of range (board setup constraints silk text height min height 0.8000 mm; actual 0.6000 mm)
    Rule: board setup constraints silk text height; warning
    @(111.2750 mm, 118.0250 mm): Reference field of C15
[text_height]: Text height out of range (board setup constraints silk text height min height 0.8000 mm; actual 0.6000 mm)
    Rule: board setup constraints silk text height; warning
    @(128.0860 mm, 121.8080 mm): Reference field of TP14
[text_height]: Text height out of range (board setup constraints silk text height min height 0.8000 mm; actual 0.6000 mm)
    Rule: board setup constraints silk text height; warning
    @(110.0750 mm, 118.4000 mm): Reference field of C13
[text_height]: Text height out of range (board setup constraints silk text height min height 0.8000 mm; actual 0.6000 mm)
    Rule: board setup constraints silk text height; warning
    @(105.3000 mm, 132.3000 mm): Reference field of R14
[text_height]: Text height out of range (board setup constraints silk text height min height 0.8000 mm; actual 0.6000 mm)
    Rule: board setup constraints silk text height; warning
    @(84.4000 mm, 121.0000 mm): Reference field of U8
[text_height]: Text height out of range (board setup constraints silk text height min height 0.8000 mm; actual 0.6000 mm)
    Rule: board setup constraints silk text height; warning
    @(98.7000 mm, 116.3000 mm): Reference field of C48
[text_height]: Text height out of range (board setup constraints silk text height min height 0.8000 mm; actual 0.6000 mm)
    Rule: board setup constraints silk text height; warning
    @(102.4000 mm, 110.3000 mm): Reference field of TP46
[text_height]: Text height out of range (board setup constraints silk text height min height 0.8000 mm; actual 0.6000 mm)
    Rule: board setup constraints silk text height; warning
    @(100.0000 mm, 124.4000 mm): Reference field of R37
[text_height]: Text height out of range (board setup constraints silk text height min height 0.8000 mm; actual 0.6000 mm)
    Rule: board setup constraints silk text height; warning
    @(99.9499 mm, 110.4000 mm): Reference field of C47
[text_height]: Text height out of range (board setup constraints silk text height min height 0.8000 mm; actual 0.6000 mm)
    Rule: board setup constraints silk text height; warning
    @(85.4000 mm, 118.8000 mm): Reference field of TP5
[text_height]: Text height out of range (board setup constraints silk text height min height 0.8000 mm; actual 0.6000 mm)
    Rule: board setup constraints silk text height; warning
    @(91.7250 mm, 115.5500 mm): Reference field of TP38
[text_height]: Text height out of range (board setup constraints silk text height min height 0.8000 mm; actual 0.6000 mm)
    Rule: board setup constraints silk text height; warning
    @(144.7750 mm, 122.6500 mm): Reference field of TP11
[text_height]: Text height out of range (board setup constraints silk text height min height 0.8000 mm; actual 0.6000 mm)
    Rule: board setup constraints silk text height; warning
    @(91.2000 mm, 129.4000 mm): Reference field of C8
[text_height]: Text height out of range (board setup constraints silk text height min height 0.8000 mm; actual 0.6000 mm)
    Rule: board setup constraints silk text height; warning
    @(137.3001 mm, 114.5000 mm): Reference field of U14
[text_height]: Text height out of range (board setup constraints silk text height min height 0.8000 mm; actual 0.6000 mm)
    Rule: board setup constraints silk text height; warning
    @(131.9000 mm, 127.2000 mm): Reference field of C19
[text_height]: Text height out of range (board setup constraints silk text height min height 0.8000 mm; actual 0.6000 mm)
    Rule: board setup constraints silk text height; warning
    @(147.8000 mm, 112.0000 mm): Reference field of U1
[text_height]: Text height out of range (board setup constraints silk text height min height 0.8000 mm; actual 0.6000 mm)
    Rule: board setup constraints silk text height; warning
    @(120.5000 mm, 113.5000 mm): Reference field of R4
[text_height]: Text height out of range (board setup constraints silk text height min height 0.8000 mm; actual 0.6000 mm)
    Rule: board setup constraints silk text height; warning
    @(130.1847 mm, 103.2972 mm): Reference field of LED4
[text_height]: Text height out of range (board setup constraints silk text height min height 0.8000 mm; actual 0.6000 mm)
    Rule: board setup constraints silk text height; warning
    @(152.7000 mm, 110.2000 mm): Reference field of FID2
[text_height]: Text height out of range (board setup constraints silk text height min height 0.8000 mm; actual 0.6000 mm)
    Rule: board setup constraints silk text height; warning
    @(97.1000 mm, 130.4000 mm): Reference field of C2
[text_height]: Text height out of range (board setup constraints silk text height min height 0.8000 mm; actual 0.6000 mm)
    Rule: board setup constraints silk text height; warning
    @(121.5500 mm, 130.1750 mm): Reference field of TP17
[text_height]: Text height out of range (board setup constraints silk text height min height 0.8000 mm; actual 0.6000 mm)
    Rule: board setup constraints silk text height; warning
    @(114.8000 mm, 114.0000 mm): Reference field of R26
[text_height]: Text height out of range (board setup constraints silk text height min height 0.8000 mm; actual 0.6000 mm)
    Rule: board setup constraints silk text height; warning
    @(82.7328 mm, 119.0234 mm): Reference field of TP45
[text_height]: Text height out of range (board setup constraints silk text height min height 0.8000 mm; actual 0.6000 mm)
    Rule: board setup constraints silk text height; warning
    @(92.0000 mm, 129.4000 mm): Reference field of C7
[text_height]: Text height out of range (board setup constraints silk text height min height 0.8000 mm; actual 0.6000 mm)
    Rule: board setup constraints silk text height; warning
    @(85.8000 mm, 102.9000 mm): Reference field of LED5
[text_height]: Text height out of range (board setup constraints silk text height min height 0.8000 mm; actual 0.6000 mm)
    Rule: board setup constraints silk text height; warning
    @(103.0000 mm, 115.7500 mm): Reference field of TP22
[text_height]: Text height out of range (board setup constraints silk text height min height 0.8000 mm; actual 0.6000 mm)
    Rule: board setup constraints silk text height; warning
    @(85.8000 mm, 128.7000 mm): Reference field of C4
[text_height]: Text height out of range (board setup constraints silk text height min height 0.8000 mm; actual 0.6000 mm)
    Rule: board setup constraints silk text height; warning
    @(129.9000 mm, 122.7000 mm): Reference field of R33
[text_height]: Text height out of range (board setup constraints silk text height min height 0.8000 mm; actual 0.6000 mm)
    Rule: board setup constraints silk text height; warning
    @(130.0000 mm, 114.0000 mm): Reference field of TP34
[text_height]: Text height out of range (board setup constraints silk text height min height 0.8000 mm; actual 0.6000 mm)
    Rule: board setup constraints silk text height; warning
    @(104.7000 mm, 123.5000 mm): Reference field of C24
[text_height]: Text height out of range (board setup constraints silk text height min height 0.8000 mm; actual 0.6000 mm)
    Rule: board setup constraints silk text height; warning
    @(87.3000 mm, 126.8000 mm): Reference field of R10
[text_height]: Text height out of range (board setup constraints silk text height min height 0.8000 mm; actual 0.6000 mm)
    Rule: board setup constraints silk text height; warning
    @(101.4250 mm, 125.1000 mm): Reference field of U6
[text_height]: Text height out of range (board setup constraints silk text height min height 0.8000 mm; actual 0.6000 mm)
    Rule: board setup constraints silk text height; warning
    @(124.0000 mm, 126.1000 mm): Reference field of C20
[text_height]: Text height out of range (board setup constraints silk text height min height 0.8000 mm; actual 0.6000 mm)
    Rule: board setup constraints silk text height; warning
    @(96.4000 mm, 107.4000 mm): Reference field of C50
[text_height]: Text height out of range (board setup constraints silk text height min height 0.8000 mm; actual 0.6000 mm)
    Rule: board setup constraints silk text height; warning
    @(119.3000 mm, 119.2000 mm): Reference field of R13
[text_height]: Text height out of range (board setup constraints silk text height min height 0.8000 mm; actual 0.6000 mm)
    Rule: board setup constraints silk text height; warning
    @(84.4000 mm, 104.4000 mm): Reference field of FID1
[text_height]: Text height out of range (board setup constraints silk text height min height 0.8000 mm; actual 0.6000 mm)
    Rule: board setup constraints silk text height; warning
    @(111.0000 mm, 114.0250 mm): Reference field of R19
[text_height]: Text height out of range (board setup constraints silk text height min height 0.8000 mm; actual 0.6000 mm)
    Rule: board setup constraints silk text height; warning
    @(84.4000 mm, 114.0000 mm): Reference field of TP42
[text_height]: Text height out of range (board setup constraints silk text height min height 0.8000 mm; actual 0.6000 mm)
    Rule: board setup constraints silk text height; warning
    @(125.1000 mm, 124.7000 mm): Reference field of C11
[text_height]: Text height out of range (board setup constraints silk text height min height 0.8000 mm; actual 0.6000 mm)
    Rule: board setup constraints silk text height; warning
    @(94.0000 mm, 114.6000 mm): Reference field of U15
[text_height]: Text height out of range (board setup constraints silk text height min height 0.8000 mm; actual 0.6000 mm)
    Rule: board setup constraints silk text height; warning
    @(78.5000 mm, 130.3000 mm): Reference field of Q1
[text_height]: Text height out of range (board setup constraints silk text height min height 0.8000 mm; actual 0.6000 mm)
    Rule: board setup constraints silk text height; warning
    @(145.0000 mm, 118.0000 mm): Reference field of TP9
[text_height]: Text height out of range (board setup constraints silk text height min height 0.8000 mm; actual 0.6000 mm)
    Rule: board setup constraints silk text height; warning
    @(81.1000 mm, 123.9000 mm): Reference field of TP26
[text_height]: Text height out of range (board setup constraints silk text height min height 0.8000 mm; actual 0.6000 mm)
    Rule: board setup constraints silk text height; warning
    @(128.5000 mm, 112.4000 mm): Reference field of TP35
[text_height]: Text height out of range (board setup constraints silk text height min height 0.8000 mm; actual 0.6000 mm)
    Rule: board setup constraints silk text height; warning
    @(116.8000 mm, 110.7000 mm): Reference field of U3
[text_height]: Text height out of range (board setup constraints silk text height min height 0.8000 mm; actual 0.6000 mm)
    Rule: board setup constraints silk text height; warning
    @(145.0500 mm, 119.1500 mm): Reference field of TP10
[text_height]: Text height out of range (board setup constraints silk text height min height 0.8000 mm; actual 0.6000 mm)
    Rule: board setup constraints silk text height; warning
    @(140.9750 mm, 129.5500 mm): Reference field of R15
[text_height]: Text height out of range (board setup constraints silk text height min height 0.8000 mm; actual 0.6000 mm)
    Rule: board setup constraints silk text height; warning
    @(82.7000 mm, 108.1000 mm): Reference field of D4
[text_height]: Text height out of range (board setup constraints silk text height min height 0.8000 mm; actual 0.6000 mm)
    Rule: board setup constraints silk text height; warning
    @(126.9000 mm, 123.8000 mm): Reference field of X1
[text_height]: Text height out of range (board setup constraints silk text height min height 0.8000 mm; actual 0.6000 mm)
    Rule: board setup constraints silk text height; warning
    @(98.3000 mm, 119.5000 mm): Reference field of C60
[text_height]: Text height out of range (board setup constraints silk text height min height 0.8000 mm; actual 0.6000 mm)
    Rule: board setup constraints silk text height; warning
    @(144.6995 mm, 131.2429 mm): Reference field of R16
[text_height]: Text height out of range (board setup constraints silk text height min height 0.8000 mm; actual 0.6000 mm)
    Rule: board setup constraints silk text height; warning
    @(112.1000 mm, 135.8000 mm): Reference field of J13
[text_height]: Text height out of range (board setup constraints silk text height min height 0.8000 mm; actual 0.6000 mm)
    Rule: board setup constraints silk text height; warning
    @(108.2750 mm, 118.4500 mm): Reference field of L3
[text_height]: Text height out of range (board setup constraints silk text height min height 0.8000 mm; actual 0.6000 mm)
    Rule: board setup constraints silk text height; warning
    @(130.9000 mm, 114.1000 mm): Reference field of TP32
[text_height]: Text height out of range (board setup constraints silk text height min height 0.8000 mm; actual 0.6000 mm)
    Rule: board setup constraints silk text height; warning
    @(125.1000 mm, 132.2500 mm): Reference field of TP18
[text_height]: Text height out of range (board setup constraints silk text height min height 0.8000 mm; actual 0.6000 mm)
    Rule: board setup constraints silk text height; warning
    @(83.6000 mm, 108.5000 mm): Reference field of R35
[text_height]: Text height out of range (board setup constraints silk text height min height 0.8000 mm; actual 0.6000 mm)
    Rule: board setup constraints silk text height; warning
    @(143.5000 mm, 110.6000 mm): Reference field of C33
[text_height]: Text height out of range (board setup constraints silk text height min height 0.8000 mm; actual 0.6000 mm)
    Rule: board setup constraints silk text height; warning
    @(127.2000 mm, 131.2000 mm): Reference field of J7
[text_height]: Text height out of range (board setup constraints silk text height min height 0.8000 mm; actual 0.6000 mm)
    Rule: board setup constraints silk text height; warning
    @(104.9750 mm, 118.9000 mm): Reference field of C26
[text_height]: Text height out of range (board setup constraints silk text height min height 0.8000 mm; actual 0.6000 mm)
    Rule: board setup constraints silk text height; warning
    @(124.8000 mm, 136.1000 mm): Reference field of R21
[text_height]: Text height out of range (board setup constraints silk text height min height 0.8000 mm; actual 0.6000 mm)
    Rule: board setup constraints silk text height; warning
    @(109.3750 mm, 114.3500 mm): Reference field of R17
[text_height]: Text height out of range (board setup constraints silk text height min height 0.8000 mm; actual 0.6000 mm)
    Rule: board setup constraints silk text height; warning
    @(85.9000 mm, 122.1000 mm): Reference field of TP8
[text_height]: Text height out of range (board setup constraints silk text height min height 0.8000 mm; actual 0.6000 mm)
    Rule: board setup constraints silk text height; warning
    @(147.8000 mm, 121.4000 mm): Reference field of TP29
[text_height]: Text height out of range (board setup constraints silk text height min height 0.8000 mm; actual 0.6000 mm)
    Rule: board setup constraints silk text height; warning
    @(145.2500 mm, 106.5989 mm): Reference field of C37
[text_height]: Text height out of range (board setup constraints silk text height min height 0.8000 mm; actual 0.6000 mm)
    Rule: board setup constraints silk text height; warning
    @(121.7000 mm, 113.4000 mm): Reference field of TP19
[text_height]: Text height out of range (board setup constraints silk text height min height 0.8000 mm; actual 0.6000 mm)
    Rule: board setup constraints silk text height; warning
    @(85.5000 mm, 115.6000 mm): Reference field of TP41
[text_height]: Text height out of range (board setup constraints silk text height min height 0.8000 mm; actual 0.6000 mm)
    Rule: board setup constraints silk text height; warning
    @(102.9500 mm, 127.9000 mm): Reference field of TP23
[text_height]: Text height out of range (board setup constraints silk text height min height 0.8000 mm; actual 0.6000 mm)
    Rule: board setup constraints silk text height; warning
    @(91.7750 mm, 116.5750 mm): Reference field of TP37
[text_height]: Text height out of range (board setup constraints silk text height min height 0.8000 mm; actual 0.6000 mm)
    Rule: board setup constraints silk text height; warning
    @(93.7000 mm, 128.0000 mm): Reference field of U19
[text_height]: Text height out of range (board setup constraints silk text height min height 0.8000 mm; actual 0.6000 mm)
    Rule: board setup constraints silk text height; warning
    @(86.0000 mm, 123.9000 mm): Reference field of TP6
[text_height]: Text height out of range (board setup constraints silk text height min height 0.8000 mm; actual 0.6000 mm)
    Rule: board setup constraints silk text height; warning
    @(146.2800 mm, 129.3500 mm): Reference field of R6
[text_height]: Text height out of range (board setup constraints silk text height min height 0.8000 mm; actual 0.6000 mm)
    Rule: board setup constraints silk text height; warning
    @(125.3500 mm, 132.8250 mm): Reference field of C30
[text_height]: Text height out of range (board setup constraints silk text height min height 0.8000 mm; actual 0.6000 mm)
    Rule: board setup constraints silk text height; warning
    @(127.5000 mm, 125.3000 mm): Reference field of C14
[text_height]: Text height out of range (board setup constraints silk text height min height 0.8000 mm; actual 0.6000 mm)
    Rule: board setup constraints silk text height; warning
    @(128.5000 mm, 123.5000 mm): Reference field of TP43
[text_height]: Text height out of range (board setup constraints silk text height min height 0.8000 mm; actual 0.6000 mm)
    Rule: board setup constraints silk text height; warning
    @(92.0000 mm, 133.7000 mm): Reference field of TP25
[text_height]: Text height out of range (board setup constraints silk text height min height 0.8000 mm; actual 0.6000 mm)
    Rule: board setup constraints silk text height; warning
    @(113.3000 mm, 115.9000 mm): Reference field of C29
[text_height]: Text height out of range (board setup constraints silk text height min height 0.8000 mm; actual 0.6000 mm)
    Rule: board setup constraints silk text height; warning
    @(119.1960 mm, 130.8560 mm): Reference field of U7
[text_height]: Text height out of range (board setup constraints silk text height min height 0.8000 mm; actual 0.6000 mm)
    Rule: board setup constraints silk text height; warning
    @(117.6000 mm, 117.5000 mm): Reference field of C9
[text_height]: Text height out of range (board setup constraints silk text height min height 0.8000 mm; actual 0.6000 mm)
    Rule: board setup constraints silk text height; warning
    @(101.8457 mm, 108.0000 mm): Reference field of TP44
[text_height]: Text height out of range (board setup constraints silk text height min height 0.8000 mm; actual 0.6000 mm)
    Rule: board setup constraints silk text height; warning
    @(97.7000 mm, 124.4000 mm): Reference field of R36
[text_height]: Text height out of range (board setup constraints silk text height min height 0.8000 mm; actual 0.6000 mm)
    Rule: board setup constraints silk text height; warning
    @(107.4750 mm, 117.8250 mm): Reference field of C27
[text_height]: Text height out of range (board setup constraints silk text height min height 0.8000 mm; actual 0.6000 mm)
    Rule: board setup constraints silk text height; warning
    @(84.3000 mm, 107.0000 mm): Reference field of R39
[text_height]: Text height out of range (board setup constraints silk text height min height 0.8000 mm; actual 0.6000 mm)
    Rule: board setup constraints silk text height; warning
    @(137.3000 mm, 116.7000 mm): Reference field of C59
[text_height]: Text height out of range (board setup constraints silk text height min height 0.8000 mm; actual 0.6000 mm)
    Rule: board setup constraints silk text height; warning
    @(102.6000 mm, 128.8000 mm): Reference field of TP24
[text_height]: Text height out of range (board setup constraints silk text height min height 0.8000 mm; actual 0.6000 mm)
    Rule: board setup constraints silk text height; warning
    @(131.7500 mm, 111.5226 mm): Reference field of C31
[text_height]: Text height out of range (board setup constraints silk text height min height 0.8000 mm; actual 0.6000 mm)
    Rule: board setup constraints silk text height; warning
    @(100.8000 mm, 122.9000 mm): Reference field of R38
[text_height]: Text height out of range (board setup constraints silk text height min height 0.8000 mm; actual 0.6000 mm)
    Rule: board setup constraints silk text height; warning
    @(131.7000 mm, 122.7000 mm): Reference field of R31
[text_height]: Text height out of range (board setup constraints silk text height min height 0.8000 mm; actual 0.6000 mm)
    Rule: board setup constraints silk text height; warning
    @(102.8000 mm, 132.8000 mm): Reference field of LED3
[text_height]: Text height out of range (board setup constraints silk text height min height 0.8000 mm; actual 0.6000 mm)
    Rule: board setup constraints silk text height; warning
    @(149.6500 mm, 123.0000 mm): Reference field of R7
[text_height]: Text height out of range (board setup constraints silk text height min height 0.8000 mm; actual 0.6000 mm)
    Rule: board setup constraints silk text height; warning
    @(144.5000 mm, 114.5000 mm): Reference field of L1
[text_height]: Text height out of range (board setup constraints silk text height min height 0.8000 mm; actual 0.6000 mm)
    Rule: board setup constraints silk text height; warning
    @(85.8000 mm, 120.4000 mm): Reference field of TP7
[text_height]: Text height out of range (board setup constraints silk text height min height 0.8000 mm; actual 0.6000 mm)
    Rule: board setup constraints silk text height; warning
    @(81.3000 mm, 125.2000 mm): Reference field of D2
[text_height]: Text height out of range (board setup constraints silk text height min height 0.8000 mm; actual 0.6000 mm)
    Rule: board setup constraints silk text height; warning
    @(104.9000 mm, 131.5000 mm): Reference field of C12
[text_height]: Text height out of range (board setup constraints silk text height min height 0.8000 mm; actual 0.6000 mm)
    Rule: board setup constraints silk text height; warning
    @(100.7500 mm, 114.7500 mm): Reference field of L2
[text_height]: Text height out of range (board setup constraints silk text height min height 0.8000 mm; actual 0.6000 mm)
    Rule: board setup constraints silk text height; warning
    @(126.2000 mm, 128.7000 mm): Reference field of U11
[text_height]: Text height out of range (board setup constraints silk text height min height 0.8000 mm; actual 0.6000 mm)
    Rule: board setup constraints silk text height; warning
    @(97.0000 mm, 111.4000 mm): Reference field of C46
[text_height]: Text height out of range (board setup constraints silk text height min height 0.8000 mm; actual 0.6000 mm)
    Rule: board setup constraints silk text height; warning
    @(105.6000 mm, 119.5750 mm): Reference field of C25
[text_height]: Text height out of range (board setup constraints silk text height min height 0.8000 mm; actual 0.6000 mm)
    Rule: board setup constraints silk text height; warning
    @(85.3000 mm, 133.7000 mm): Reference field of J8
[text_height]: Text height out of range (board setup constraints silk text height min height 0.8000 mm; actual 0.6000 mm)
    Rule: board setup constraints silk text height; warning
    @(77.3000 mm, 118.7000 mm): Reference field of J4
[text_height]: Text height out of range (board setup constraints silk text height min height 0.8000 mm; actual 0.6000 mm)
    Rule: board setup constraints silk text height; warning
    @(117.3907 mm, 101.5554 mm): Reference field of R5
[text_height]: Text height out of range (board setup constraints silk text height min height 0.8000 mm; actual 0.6000 mm)
    Rule: board setup constraints silk text height; warning
    @(78.5000 mm, 122.5000 mm): Reference field of TP27
[text_height]: Text height out of range (board setup constraints silk text height min height 0.8000 mm; actual 0.6000 mm)
    Rule: board setup constraints silk text height; warning
    @(113.8000 mm, 117.7000 mm): Reference field of C21
[silk_overlap]: Silkscreen clearance
    Rule: board setup constraints silk; warning
    @(90.4000 mm, 107.4275 mm): Polygon of U15 on F.Silkscreen
    @(92.2599 mm, 108.2011 mm): Reference field of J10
[silk_overlap]: Silkscreen clearance
    Rule: board setup constraints silk; warning
    @(96.4000 mm, 107.4000 mm): Reference field of C50
    @(88.1999 mm, 106.2000 mm): Segment of J10 on F.Silkscreen
[silk_overlap]: Silkscreen clearance
    Rule: board setup constraints silk; warning
    @(96.3199 mm, 106.2000 mm): Segment of J10 on F.Silkscreen
    @(96.4000 mm, 107.4000 mm): Reference field of C50
[silk_overlap]: Silkscreen clearance
    Rule: board setup constraints silk; warning
    @(105.4440 mm, 103.2440 mm): Polygon of C58 on F.Silkscreen
    @(108.5000 mm, 101.3000 mm): Polygon of C43 on F.Silkscreen
[silk_overlap]: Silkscreen clearance
    Rule: board setup constraints silk; warning
    @(111.2145 mm, 101.9590 mm): Polygon of C43 on F.Silkscreen
    @(105.4440 mm, 103.2440 mm): Polygon of C58 on F.Silkscreen
[silk_overlap]: Silkscreen clearance
    Rule: board setup constraints silk; warning
    @(111.2145 mm, 101.9590 mm): Polygon of C43 on F.Silkscreen
    @(109.0000 mm, 106.8000 mm): Circle of C58 on F.Silkscreen
[silk_overlap]: Silkscreen clearance
    Rule: board setup constraints silk; warning
    @(109.0000 mm, 106.8000 mm): Circle of C58 on F.Silkscreen
    @(108.5000 mm, 101.3000 mm): Polygon of C43 on F.Silkscreen
[silk_overlap]: Silkscreen clearance
    Rule: board setup constraints silk; warning
    @(109.0000 mm, 106.8000 mm): Circle of C58 on F.Silkscreen
    @(108.5000 mm, 112.3000 mm): Polygon of C43 on F.Silkscreen
[silk_overlap]: Silkscreen clearance
    Rule: board setup constraints silk; warning
    @(109.0000 mm, 106.8000 mm): Circle of C58 on F.Silkscreen
    @(111.2145 mm, 111.6410 mm): Polygon of C43 on F.Silkscreen
[silk_overlap]: Silkscreen clearance
    Rule: board setup constraints silk; warning
    @(109.0000 mm, 106.8000 mm): Circle of C58 on F.Silkscreen
    @(110.3390 mm, 111.1775 mm): Polygon of C43 on F.Silkscreen
[silk_overlap]: Silkscreen clearance
    Rule: board setup constraints silk; warning
    @(103.7738 mm, 101.5738 mm): Segment of C43 on F.Silkscreen
    @(102.4000 mm, 110.3000 mm): Reference field of TP46
[silk_overlap]: Silkscreen clearance
    Rule: board setup constraints silk; warning
    @(102.4000 mm, 110.3000 mm): Reference field of TP46
    @(103.7738 mm, 109.8900 mm): Segment of C43 on F.Silkscreen
[silk_overlap]: Silkscreen clearance
    Rule: board setup constraints silk; warning
    @(102.4000 mm, 110.3000 mm): Reference field of TP46
    @(99.9499 mm, 110.4000 mm): Reference field of C47
[silk_overlap]: Silkscreen clearance
    Rule: board setup constraints silk; warning
    @(100.1406 mm, 110.0374 mm): Segment of C47 on F.Silkscreen
    @(99.9499 mm, 110.4000 mm): Reference field of C47
[silk_overlap]: Silkscreen clearance
    Rule: board setup constraints silk; warning
    @(109.0000 mm, 111.3720 mm): Segment of C58 on F.Silkscreen
    @(108.5000 mm, 112.3000 mm): Polygon of C43 on F.Silkscreen
[silk_overlap]: Silkscreen clearance
    Rule: board setup constraints silk; warning
    @(108.2380 mm, 110.8640 mm): Segment of C58 on F.Silkscreen
    @(108.5000 mm, 112.3000 mm): Polygon of C43 on F.Silkscreen
[silk_overlap]: Silkscreen clearance
    Rule: board setup constraints silk; warning
    @(113.8283 mm, 111.3453 mm): Polygon of U3 on F.Silkscreen
    @(114.0000 mm, 111.8000 mm): Circle of C58 on F.Silkscreen
[silk_overlap]: Silkscreen clearance
    Rule: board setup constraints silk; warning
    @(114.0000 mm, 111.8000 mm): Circle of C58 on F.Silkscreen
    @(113.7151 mm, 111.4585 mm): Polygon of U3 on F.Silkscreen
[silk_overlap]: Silkscreen clearance
    Rule: board setup constraints silk; warning
    @(113.8000 mm, 117.7000 mm): Reference field of C21
    @(113.3000 mm, 115.9000 mm): Reference field of C29
[silk_overlap]: Silkscreen clearance
    Rule: board setup constraints silk; warning
    @(113.8000 mm, 117.7000 mm): Reference field of C21
    @(114.3282 mm, 118.4726 mm): Segment of U7 on F.Silkscreen
[silk_overlap]: Silkscreen clearance
    Rule: board setup constraints silk; warning
    @(103.5000 mm, 119.2500 mm): Circle of TP2 on F.Silkscreen
    @(104.9750 mm, 118.9000 mm): Reference field of C26
[silk_overlap]: Silkscreen clearance
    Rule: board setup constraints silk; warning
    @(81.4000 mm, 113.8300 mm): Polygon of U2 on F.Silkscreen
    @(80.9577 mm, 117.7824 mm): Segment of J4 on F.Silkscreen
[silk_overlap]: Silkscreen clearance
    Rule: board setup constraints silk; warning
    @(80.0978 mm, 112.7044 mm): Segment of J4 on F.Silkscreen
    @(81.0000 mm, 112.8001 mm): Segment of U2 on F.Silkscreen
[silk_overlap]: Silkscreen clearance
    Rule: board setup constraints silk; warning
    @(81.4000 mm, 113.1500 mm): Polygon of U2 on F.Silkscreen
    @(80.9577 mm, 117.7824 mm): Segment of J4 on F.Silkscreen
[silk_overlap]: Silkscreen clearance
    Rule: board setup constraints silk; warning
    @(81.0000 mm, 112.8289 mm): Segment of U2 on F.Silkscreen
    @(80.9577 mm, 112.7044 mm): Segment of J4 on F.Silkscreen
[silk_overlap]: Silkscreen clearance
    Rule: board setup constraints silk; warning
    @(81.0000 mm, 112.8289 mm): Segment of U2 on F.Silkscreen
    @(80.9577 mm, 117.7824 mm): Segment of J4 on F.Silkscreen
[silk_overlap]: Silkscreen clearance
    Rule: board setup constraints silk; warning
    @(79.6000 mm, 112.8001 mm): Segment of U2 on F.Silkscreen
    @(79.4853 mm, 117.7824 mm): Segment of J4 on F.Silkscreen
[silk_overlap]: Silkscreen clearance
    Rule: board setup constraints silk; warning
    @(80.9577 mm, 112.7044 mm): Segment of J4 on F.Silkscreen
    @(81.0000 mm, 112.8001 mm): Segment of U2 on F.Silkscreen
[silk_overlap]: Silkscreen clearance
    Rule: board setup constraints silk; warning
    @(79.4853 mm, 117.7824 mm): Segment of J4 on F.Silkscreen
    @(81.0000 mm, 112.8001 mm): Segment of U2 on F.Silkscreen
[silk_overlap]: Silkscreen clearance
    Rule: board setup constraints silk; warning
    @(80.9577 mm, 117.7824 mm): Segment of J4 on F.Silkscreen
    @(81.0000 mm, 112.8001 mm): Segment of U2 on F.Silkscreen
[silk_overlap]: Silkscreen clearance
    Rule: board setup constraints silk; warning
    @(79.4853 mm, 117.7824 mm): Segment of J4 on F.Silkscreen
    @(79.7001 mm, 113.1500 mm): Polygon of U2 on F.Silkscreen
[silk_overlap]: Silkscreen clearance
    Rule: board setup constraints silk; warning
    @(79.4853 mm, 117.7824 mm): Segment of J4 on F.Silkscreen
    @(79.7001 mm, 113.8300 mm): Polygon of U2 on F.Silkscreen
[silk_overlap]: Silkscreen clearance
    Rule: board setup constraints silk; warning
    @(79.7001 mm, 116.4500 mm): Polygon of U2 on F.Silkscreen
    @(79.4853 mm, 117.7824 mm): Segment of J4 on F.Silkscreen
[silk_overlap]: Silkscreen clearance
    Rule: board setup constraints silk; warning
    @(79.4853 mm, 117.7824 mm): Segment of J4 on F.Silkscreen
    @(79.7001 mm, 115.5900 mm): Polygon of U2 on F.Silkscreen
[silk_overlap]: Silkscreen clearance
    Rule: board setup constraints silk; warning
    @(79.7001 mm, 115.1300 mm): Polygon of U2 on F.Silkscreen
    @(79.4853 mm, 117.7824 mm): Segment of J4 on F.Silkscreen
[silk_overlap]: Silkscreen clearance
    Rule: board setup constraints silk; warning
    @(79.4853 mm, 117.7824 mm): Segment of J4 on F.Silkscreen
    @(79.7001 mm, 114.7300 mm): Polygon of U2 on F.Silkscreen
[silk_overlap]: Silkscreen clearance
    Rule: board setup constraints silk; warning
    @(79.4853 mm, 117.7824 mm): Segment of J4 on F.Silkscreen
    @(79.6000 mm, 117.1711 mm): Segment of U2 on F.Silkscreen
[silk_overlap]: Silkscreen clearance
    Rule: board setup constraints silk; warning
    @(79.6000 mm, 117.2000 mm): Segment of U2 on F.Silkscreen
    @(79.4853 mm, 117.7824 mm): Segment of J4 on F.Silkscreen
[silk_overlap]: Silkscreen clearance
    Rule: board setup constraints silk; warning
    @(81.4000 mm, 114.7300 mm): Polygon of U2 on F.Silkscreen
    @(80.0978 mm, 114.7384 mm): Segment of J4 on F.Silkscreen
[silk_overlap]: Silkscreen clearance
    Rule: board setup constraints silk; warning
    @(81.4000 mm, 115.1300 mm): Polygon of U2 on F.Silkscreen
    @(80.9577 mm, 115.2492 mm): Segment of J4 on F.Silkscreen
[silk_overlap]: Silkscreen clearance
    Rule: board setup constraints silk; warning
    @(81.4000 mm, 115.1300 mm): Polygon of U2 on F.Silkscreen
    @(80.9577 mm, 117.7824 mm): Segment of J4 on F.Silkscreen
[silk_overlap]: Silkscreen clearance
    Rule: board setup constraints silk; warning
    @(81.4000 mm, 115.5900 mm): Polygon of U2 on F.Silkscreen
    @(80.9577 mm, 117.7824 mm): Segment of J4 on F.Silkscreen
[silk_overlap]: Silkscreen clearance
    Rule: board setup constraints silk; warning
    @(81.4000 mm, 114.7300 mm): Polygon of U2 on F.Silkscreen
    @(80.9577 mm, 117.7824 mm): Segment of J4 on F.Silkscreen
[silk_overlap]: Silkscreen clearance
    Rule: board setup constraints silk; warning
    @(80.9577 mm, 117.7824 mm): Segment of J4 on F.Silkscreen
    @(81.4000 mm, 116.4500 mm): Polygon of U2 on F.Silkscreen
[silk_overlap]: Silkscreen clearance
    Rule: board setup constraints silk; warning
    @(79.6000 mm, 117.2000 mm): Segment of U2 on F.Silkscreen
    @(80.9577 mm, 117.7824 mm): Segment of J4 on F.Silkscreen
[silk_overlap]: Silkscreen clearance
    Rule: board setup constraints silk; warning
    @(81.0000 mm, 117.2000 mm): Segment of U2 on F.Silkscreen
    @(80.9577 mm, 117.7824 mm): Segment of J4 on F.Silkscreen
[silk_overlap]: Silkscreen clearance
    Rule: board setup constraints silk; warning
    @(80.0978 mm, 115.2492 mm): Segment of J4 on F.Silkscreen
    @(79.6000 mm, 117.2000 mm): Segment of U2 on F.Silkscreen
[silk_overlap]: Silkscreen clearance
    Rule: board setup constraints silk; warning
    @(80.0978 mm, 117.2830 mm): Segment of J4 on F.Silkscreen
    @(79.6000 mm, 117.2000 mm): Segment of U2 on F.Silkscreen
[silk_overlap]: Silkscreen clearance
    Rule: board setup constraints silk; warning
    @(80.0978 mm, 117.2830 mm): Segment of J4 on F.Silkscreen
    @(81.0000 mm, 117.2000 mm): Segment of U2 on F.Silkscreen
[silk_overlap]: Silkscreen clearance
    Rule: board setup constraints silk; warning
    @(87.3000 mm, 126.8000 mm): Reference field of R10
    @(88.7000 mm, 127.2000 mm): Reference field of J12
[silk_overlap]: Silkscreen clearance
    Rule: board setup constraints silk; warning
    @(85.5600 mm, 129.3001 mm): Circle of U9 on F.Silkscreen
    @(85.8000 mm, 128.7000 mm): Reference field of C4
[silk_overlap]: Silkscreen clearance
    Rule: board setup constraints silk; warning
    @(77.6464 mm, 126.7800 mm): Segment of R8 on F.Silkscreen
    @(77.9542 mm, 126.9104 mm): Segment of LED2 on F.Silkscreen
[silk_overlap]: Silkscreen clearance
    Rule: board setup constraints silk; warning
    @(77.6464 mm, 126.7800 mm): Segment of R8 on F.Silkscreen
    @(77.9542 mm, 126.9104 mm): Segment of LED2 on F.Silkscreen
[silk_overlap]: Silkscreen clearance
    Rule: board setup constraints silk; warning
    @(105.9295 mm, 119.6743 mm): Segment of L3 on F.Silkscreen
    @(105.6000 mm, 119.5750 mm): Reference field of C25
[silk_overlap]: Silkscreen clearance
    Rule: board setup constraints silk; warning
    @(105.9752 mm, 119.6181 mm): Segment of R34 on F.Silkscreen
    @(105.6000 mm, 119.5750 mm): Reference field of C25
[silk_overlap]: Silkscreen clearance
    Rule: board setup constraints silk; warning
    @(105.9752 mm, 119.6181 mm): Segment of R34 on F.Silkscreen
    @(105.9295 mm, 119.6743 mm): Segment of L3 on F.Silkscreen
[silk_overlap]: Silkscreen clearance
    Rule: board setup constraints silk; warning
    @(106.7142 mm, 120.3570 mm): Segment of R34 on F.Silkscreen
    @(106.6507 mm, 120.3955 mm): Segment of L3 on F.Silkscreen
[silk_overlap]: Silkscreen clearance
    Rule: board setup constraints silk; warning
    @(125.1078 mm, 122.8400 mm): Segment of C11 on F.Silkscreen
    @(126.6787 mm, 122.7795 mm): Segment of X1 on F.Silkscreen
[silk_overlap]: Silkscreen clearance
    Rule: board setup constraints silk; warning
    @(129.9539 mm, 127.1238 mm): Segment of U11 on F.Silkscreen
    @(128.8406 mm, 127.0100 mm): Segment of C14 on F.Silkscreen
[silk_overlap]: Silkscreen clearance
    Rule: board setup constraints silk; warning
    @(123.3800 mm, 134.4200 mm): Segment of J13 on F.Silkscreen
    @(124.5000 mm, 135.8000 mm): Reference field of FID3
[silk_overlap]: Silkscreen clearance
    Rule: board setup constraints silk; warning
    @(124.6464 mm, 134.5200 mm): Segment of R21 on F.Silkscreen
    @(124.6800 mm, 134.5536 mm): Segment of R27 on F.Silkscreen
[silk_overlap]: Silkscreen clearance
    Rule: board setup constraints silk; warning
    @(124.9200 mm, 134.2464 mm): Segment of R28 on F.Silkscreen
    @(124.6464 mm, 134.5200 mm): Segment of R21 on F.Silkscreen
[silk_overlap]: Silkscreen clearance
    Rule: board setup constraints silk; warning
    @(133.2185 mm, 132.1548 mm): Polygon of J1 on F.Silkscreen
    @(133.0499 mm, 132.3999 mm): Segment of U12 on F.Silkscreen
[silk_overlap]: Silkscreen clearance
    Rule: board setup constraints silk; warning
    @(133.2185 mm, 132.1548 mm): Polygon of J1 on F.Silkscreen
    @(132.7800 mm, 132.3999 mm): Segment of U12 on F.Silkscreen
[silk_overlap]: Silkscreen clearance
    Rule: board setup constraints silk; warning
    @(125.4078 mm, 132.5400 mm): Segment of C30 on F.Silkscreen
    @(125.1000 mm, 132.2500 mm): Reference field of TP18
[silk_overlap]: Silkscreen clearance
    Rule: board setup constraints silk; warning
    @(130.5775 mm, 130.6627 mm): Segment of R24 on F.Silkscreen
    @(130.5499 mm, 129.1999 mm): Segment of U12 on F.Silkscreen
[silk_overlap]: Silkscreen clearance
    Rule: board setup constraints silk; warning
    @(133.0499 mm, 132.3999 mm): Segment of U12 on F.Silkscreen
    @(133.0225 mm, 130.6377 mm): Segment of R23 on F.Silkscreen
[silk_overlap]: Silkscreen clearance
    Rule: board setup constraints silk; warning
    @(149.0000 mm, 117.1711 mm): Segment of U1 on F.Silkscreen
    @(149.0501 mm, 117.2879 mm): Segment of J6 on F.Silkscreen
[silk_overlap]: Silkscreen clearance
    Rule: board setup constraints silk; warning
    @(149.0000 mm, 117.1711 mm): Segment of U1 on F.Silkscreen
    @(149.0501 mm, 112.2100 mm): Segment of J6 on F.Silkscreen
[silk_overlap]: Silkscreen clearance
    Rule: board setup constraints silk; warning
    @(149.0501 mm, 117.2879 mm): Segment of J6 on F.Silkscreen
    @(149.0000 mm, 117.2000 mm): Segment of U1 on F.Silkscreen
[silk_overlap]: Silkscreen clearance
    Rule: board setup constraints silk; warning
    @(149.9100 mm, 117.2879 mm): Segment of J6 on F.Silkscreen
    @(149.0000 mm, 117.2000 mm): Segment of U1 on F.Silkscreen
[silk_overlap]: Silkscreen clearance
    Rule: board setup constraints silk; warning
    @(149.0501 mm, 112.2100 mm): Segment of J6 on F.Silkscreen
    @(149.0000 mm, 117.2000 mm): Segment of U1 on F.Silkscreen
[silk_overlap]: Silkscreen clearance
    Rule: board setup constraints silk; warning
    @(150.5225 mm, 112.2100 mm): Segment of J6 on F.Silkscreen
    @(149.0000 mm, 117.2000 mm): Segment of U1 on F.Silkscreen
[silk_overlap]: Silkscreen clearance
    Rule: board setup constraints silk; warning
    @(150.5225 mm, 112.2100 mm): Segment of J6 on F.Silkscreen
    @(150.4000 mm, 117.2000 mm): Segment of U1 on F.Silkscreen
[silk_overlap]: Silkscreen clearance
    Rule: board setup constraints silk; warning
    @(149.0501 mm, 112.2100 mm): Segment of J6 on F.Silkscreen
    @(149.1001 mm, 115.5900 mm): Polygon of U1 on F.Silkscreen
[silk_overlap]: Silkscreen clearance
    Rule: board setup constraints silk; warning
    @(149.0501 mm, 112.2100 mm): Segment of J6 on F.Silkscreen
    @(149.1001 mm, 116.4500 mm): Polygon of U1 on F.Silkscreen
[silk_overlap]: Silkscreen clearance
    Rule: board setup constraints silk; warning
    @(149.0501 mm, 112.2100 mm): Segment of J6 on F.Silkscreen
    @(149.1001 mm, 114.7300 mm): Polygon of U1 on F.Silkscreen
[silk_overlap]: Silkscreen clearance
    Rule: board setup constraints silk; warning
    @(149.0501 mm, 114.7432 mm): Segment of J6 on F.Silkscreen
    @(149.1001 mm, 114.7300 mm): Polygon of U1 on F.Silkscreen
[silk_overlap]: Silkscreen clearance
    Rule: board setup constraints silk; warning
    @(149.0501 mm, 112.2100 mm): Segment of J6 on F.Silkscreen
    @(149.1001 mm, 115.1300 mm): Polygon of U1 on F.Silkscreen
[silk_overlap]: Silkscreen clearance
    Rule: board setup constraints silk; warning
    @(150.4000 mm, 112.8001 mm): Segment of U1 on F.Silkscreen
    @(149.0501 mm, 112.2100 mm): Segment of J6 on F.Silkscreen
[silk_overlap]: Silkscreen clearance
    Rule: board setup constraints silk; warning
    @(149.0501 mm, 112.2100 mm): Segment of J6 on F.Silkscreen
    @(149.1001 mm, 113.1500 mm): Polygon of U1 on F.Silkscreen
[silk_overlap]: Silkscreen clearance
    Rule: board setup constraints silk; warning
    @(149.0501 mm, 112.2100 mm): Segment of J6 on F.Silkscreen
    @(149.0000 mm, 112.8001 mm): Segment of U1 on F.Silkscreen
[silk_overlap]: Silkscreen clearance
    Rule: board setup constraints silk; warning
    @(149.0501 mm, 112.2100 mm): Segment of J6 on F.Silkscreen
    @(149.1001 mm, 113.8300 mm): Polygon of U1 on F.Silkscreen
[silk_overlap]: Silkscreen clearance
    Rule: board setup constraints silk; warning
    @(149.9100 mm, 115.2540 mm): Segment of J6 on F.Silkscreen
    @(149.1001 mm, 115.1300 mm): Polygon of U1 on F.Silkscreen
[silk_overlap]: Silkscreen clearance
    Rule: board setup constraints silk; warning
    @(150.8000 mm, 114.7300 mm): Polygon of U1 on F.Silkscreen
    @(150.5225 mm, 112.2100 mm): Segment of J6 on F.Silkscreen
[silk_overlap]: Silkscreen clearance
    Rule: board setup constraints silk; warning
    @(150.5225 mm, 112.2100 mm): Segment of J6 on F.Silkscreen
    @(150.8000 mm, 115.1300 mm): Polygon of U1 on F.Silkscreen
[silk_overlap]: Silkscreen clearance
    Rule: board setup constraints silk; warning
    @(150.5225 mm, 112.2100 mm): Segment of J6 on F.Silkscreen
    @(150.8000 mm, 115.5900 mm): Polygon of U1 on F.Silkscreen
[silk_overlap]: Silkscreen clearance
    Rule: board setup constraints silk; warning
    @(150.8000 mm, 116.4500 mm): Polygon of U1 on F.Silkscreen
    @(150.5225 mm, 112.2100 mm): Segment of J6 on F.Silkscreen
[silk_overlap]: Silkscreen clearance
    Rule: board setup constraints silk; warning
    @(150.8000 mm, 113.8300 mm): Polygon of U1 on F.Silkscreen
    @(150.5225 mm, 112.2100 mm): Segment of J6 on F.Silkscreen
[silk_overlap]: Silkscreen clearance
    Rule: board setup constraints silk; warning
    @(150.5225 mm, 112.2100 mm): Segment of J6 on F.Silkscreen
    @(150.8000 mm, 113.1500 mm): Polygon of U1 on F.Silkscreen
[silk_overlap]: Silkscreen clearance
    Rule: board setup constraints silk; warning
    @(150.4000 mm, 112.8001 mm): Segment of U1 on F.Silkscreen
    @(150.5225 mm, 112.2100 mm): Segment of J6 on F.Silkscreen
[silk_overlap]: Silkscreen clearance
    Rule: board setup constraints silk; warning
    @(150.4000 mm, 112.8289 mm): Segment of U1 on F.Silkscreen
    @(150.5225 mm, 112.2100 mm): Segment of J6 on F.Silkscreen
[silk_overlap]: Silkscreen clearance
    Rule: board setup constraints silk; warning
    @(150.4000 mm, 112.8001 mm): Segment of U1 on F.Silkscreen
    @(149.9100 mm, 112.7093 mm): Segment of J6 on F.Silkscreen
[silk_overlap]: Silkscreen clearance
    Rule: board setup constraints silk; warning
    @(149.9100 mm, 112.7093 mm): Segment of J6 on F.Silkscreen
    @(149.0000 mm, 112.8001 mm): Segment of U1 on F.Silkscreen
[silk_overlap]: Silkscreen clearance
    Rule: board setup constraints silk; warning
    @(150.4000 mm, 112.8001 mm): Segment of U1 on F.Silkscreen
    @(149.9100 mm, 114.7432 mm): Segment of J6 on F.Silkscreen
[silk_overlap]: Silkscreen clearance
    Rule: board setup constraints silk; warning
    @(133.6500 mm, 107.4275 mm): Polygon of U14 on F.Silkscreen
    @(135.4999 mm, 108.2505 mm): Reference field of J9
[silk_overlap]: Silkscreen clearance
    Rule: board setup constraints silk; warning
    @(124.9999 mm, 118.7180 mm): Segment of X1 on F.Silkscreen
    @(125.1109 mm, 118.6600 mm): Segment of C18 on F.Silkscreen
[silk_overlap]: Silkscreen clearance
    Rule: board setup constraints silk; warning
    @(125.1109 mm, 118.6600 mm): Segment of C18 on F.Silkscreen
    @(123.3489 mm, 118.7180 mm): Segment of X1 on F.Silkscreen
[silk_overlap]: Silkscreen clearance
    Rule: board setup constraints silk; warning
    @(116.4000 mm, 116.3000 mm): Reference field of TP28
    @(118.3000 mm, 115.3000 mm): Reference field of R12
[silk_overlap]: Silkscreen clearance
    Rule: board setup constraints silk; warning
    @(116.8000 mm, 115.3000 mm): Circle of TP28 on F.Silkscreen
    @(118.3000 mm, 115.3000 mm): Reference field of R12
[silk_overlap]: Silkscreen clearance
    Rule: board setup constraints silk; warning
    @(116.4000 mm, 116.3000 mm): Reference field of TP28
    @(116.8000 mm, 115.3000 mm): Circle of TP28 on F.Silkscreen
[silk_overlap]: Silkscreen clearance
    Rule: board setup constraints silk; warning
    @(118.3334 mm, 115.6577 mm): Segment of R12 on F.Silkscreen
    @(118.3000 mm, 115.3000 mm): Reference field of R12
[silk_overlap]: Silkscreen clearance
    Rule: board setup constraints silk; warning
    @(122.8000 mm, 114.6000 mm): Reference field of TP21
    @(124.5000 mm, 114.3500 mm): Circle of TP36 on F.Silkscreen
[silk_overlap]: Silkscreen clearance
    Rule: board setup constraints silk; warning
    @(120.3273 mm, 113.1601 mm): Segment of R4 on F.Silkscreen
    @(120.5000 mm, 113.5000 mm): Reference field of R4
[silk_overlap]: Silkscreen clearance
    Rule: board setup constraints silk; warning
    @(118.4738 mm, 109.8900 mm): Segment of C57 on F.Silkscreen
    @(120.3223 mm, 111.6798 mm): Segment of D1 on F.Silkscreen
[silk_overlap]: Silkscreen clearance
    Rule: board setup constraints silk; warning
    @(118.4738 mm, 109.8900 mm): Segment of C57 on F.Silkscreen
    @(120.3223 mm, 111.6798 mm): Segment of D1 on F.Silkscreen
[silk_overlap]: Silkscreen clearance
    Rule: board setup constraints silk; warning
    @(118.4738 mm, 109.8900 mm): Segment of C57 on F.Silkscreen
    @(119.1202 mm, 110.4777 mm): Segment of D1 on F.Silkscreen
[silk_overlap]: Silkscreen clearance
    Rule: board setup constraints silk; warning
    @(123.2000 mm, 112.3000 mm): Polygon of C57 on F.Silkscreen
    @(123.7248 mm, 111.3720 mm): Segment of C44 on F.Silkscreen
[silk_overlap]: Silkscreen clearance
    Rule: board setup constraints silk; warning
    @(122.9628 mm, 110.8640 mm): Segment of C44 on F.Silkscreen
    @(123.2000 mm, 112.3000 mm): Polygon of C57 on F.Silkscreen
[silk_overlap]: Silkscreen clearance
    Rule: board setup constraints silk; warning
    @(123.2000 mm, 112.3000 mm): Polygon of C57 on F.Silkscreen
    @(123.7248 mm, 106.8000 mm): Circle of C44 on F.Silkscreen
[silk_overlap]: Silkscreen clearance
    Rule: board setup constraints silk; warning
    @(128.7248 mm, 111.8000 mm): Circle of C44 on F.Silkscreen
    @(128.5000 mm, 112.4000 mm): Reference field of TP35
[silk_overlap]: Silkscreen clearance
    Rule: board setup constraints silk; warning
    @(123.7248 mm, 106.8000 mm): Circle of C44 on F.Silkscreen
    @(125.0390 mm, 111.1775 mm): Polygon of C57 on F.Silkscreen
[silk_overlap]: Silkscreen clearance
    Rule: board setup constraints silk; warning
    @(123.7248 mm, 106.8000 mm): Circle of C44 on F.Silkscreen
    @(125.9145 mm, 111.6410 mm): Polygon of C57 on F.Silkscreen
[silk_overlap]: Silkscreen clearance
    Rule: board setup constraints silk; warning
    @(128.8501 mm, 112.3001 mm): Circle of C57 on F.Silkscreen
    @(128.5000 mm, 112.4000 mm): Reference field of TP35
[silk_overlap]: Silkscreen clearance
    Rule: board setup constraints silk; warning
    @(131.9392 mm, 105.3895 mm): Segment of J9 on F.Silkscreen
    @(131.7464 mm, 106.4200 mm): Segment of R30 on F.Silkscreen
[silk_overlap]: Silkscreen clearance
    Rule: board setup constraints silk; warning
    @(131.4399 mm, 106.2494 mm): Segment of J9 on F.Silkscreen
    @(131.7464 mm, 106.4200 mm): Segment of R30 on F.Silkscreen
[silk_overlap]: Silkscreen clearance
    Rule: board setup constraints silk; warning
    @(123.7248 mm, 106.8000 mm): Circle of C44 on F.Silkscreen
    @(123.2000 mm, 101.3000 mm): Polygon of C57 on F.Silkscreen
[silk_overlap]: Silkscreen clearance
    Rule: board setup constraints silk; warning
    @(125.9145 mm, 101.9590 mm): Polygon of C57 on F.Silkscreen
    @(123.7248 mm, 106.8000 mm): Circle of C44 on F.Silkscreen
[silk_overlap]: Silkscreen clearance
    Rule: board setup constraints silk; warning
    @(120.1688 mm, 103.2440 mm): Polygon of C44 on F.Silkscreen
    @(123.2000 mm, 101.3000 mm): Polygon of C57 on F.Silkscreen
[silk_overlap]: Silkscreen clearance
    Rule: board setup constraints silk; warning
    @(125.9145 mm, 101.9590 mm): Polygon of C57 on F.Silkscreen
    @(120.1688 mm, 103.2440 mm): Polygon of C44 on F.Silkscreen
[silk_overlap]: Silkscreen clearance
    Rule: board setup constraints silk; warning
    @(116.5262 mm, 104.7762 mm): Segment of U5 on F.Silkscreen
    @(116.6565 mm, 103.9405 mm): Segment of LED1 on F.Silkscreen
[silk_overlap]: Silkscreen clearance
    Rule: board setup constraints silk; warning
    @(116.5262 mm, 104.7762 mm): Segment of U5 on F.Silkscreen
    @(116.6542 mm, 103.5605 mm): Segment of LED1 on F.Silkscreen
[silk_overlap]: Silkscreen clearance
    Rule: board setup constraints silk; warning
    @(116.5262 mm, 104.7762 mm): Segment of U5 on F.Silkscreen
    @(116.9542 mm, 102.2104 mm): Segment of LED1 on F.Silkscreen
[silk_over_copper]: Silkscreen clipped by solder mask
    Rule: Stacked standoff/M3 - silk clearance; warning
    @(79.9000 mm, 101.4498 mm): Polygon of H3 on F.Silkscreen
    @(78.3029 mm, 102.5529 mm): PTH pad 1 [GND] of H1
[silk_over_copper]: Silkscreen clipped by solder mask
    Local override; warning
    @(79.9000 mm, 101.4498 mm): Polygon of H3 on F.Silkscreen
    @(78.3216 mm, 102.3592 mm): Pad 1 [GND] of H3 on F.Cu
[silk_over_copper]: Silkscreen clipped by solder mask
    Rule: Stacked standoff/M3 - silk clearance; warning
    @(79.9000 mm, 101.4498 mm): Polygon of H3 on F.Silkscreen
    @(80.0000 mm, 104.2500 mm): PTH pad 1 [GND] of H1
[silk_over_copper]: Silkscreen clipped by solder mask
    Local override; warning
    @(82.8000 mm, 104.1500 mm): Polygon of H3 on F.Silkscreen
    @(81.8905 mm, 102.5718 mm): Pad 1 [GND] of H3 on F.Cu
[silk_over_copper]: Silkscreen clipped by solder mask
    Rule: Stacked standoff/M3 - silk clearance; warning
    @(82.8000 mm, 104.1500 mm): Polygon of H3 on F.Silkscreen
    @(81.6971 mm, 102.5529 mm): PTH pad 1 [GND] of H1
[silk_over_copper]: Silkscreen clipped by solder mask
    Rule: Stacked standoff/M3 - silk clearance; warning
    @(82.8000 mm, 104.1500 mm): Polygon of H3 on F.Silkscreen
    @(80.0000 mm, 104.2500 mm): PTH pad 1 [GND] of H1
[silk_over_copper]: Silkscreen clipped by solder mask
    Rule: Stacked standoff/M3 - silk clearance; warning
    @(82.8000 mm, 104.1500 mm): Polygon of H3 on F.Silkscreen
    @(80.0000 mm, 101.8500 mm): PTH pad 1 [GND] of H1
[silk_over_copper]: Silkscreen clipped by solder mask
    Rule: Stacked standoff/M3 - silk clearance; warning
    @(79.9000 mm, 101.4498 mm): Polygon of H3 on F.Silkscreen
    @(80.0000 mm, 101.8500 mm): PTH pad 1 [GND] of H1
[silk_over_copper]: Silkscreen clipped by solder mask
    Rule: Stacked standoff/M3 - silk clearance; warning
    @(82.8000 mm, 104.1500 mm): Polygon of H3 on F.Silkscreen
    @(82.4000 mm, 104.2500 mm): PTH pad 1 [GND] of H1
[silk_over_copper]: Silkscreen clipped by solder mask
    Rule: Stacked standoff/M3 - silk clearance; warning
    @(80.1000 mm, 107.0502 mm): Polygon of H3 on F.Silkscreen
    @(80.0000 mm, 104.2500 mm): PTH pad 1 [GND] of H1
[silk_over_copper]: Silkscreen clipped by solder mask
    Local override; warning
    @(80.1000 mm, 107.0502 mm): Polygon of H3 on F.Silkscreen
    @(81.6784 mm, 106.1405 mm): Pad 1 [GND] of H3 on F.Cu
[silk_over_copper]: Silkscreen clipped by solder mask
    Rule: Stacked standoff/M3 - silk clearance; warning
    @(80.1000 mm, 107.0502 mm): Polygon of H3 on F.Silkscreen
    @(82.4000 mm, 104.2500 mm): PTH pad 1 [GND] of H1
[silk_over_copper]: Silkscreen clipped by solder mask
    Rule: Stacked standoff/M3 - silk clearance; warning
    @(77.1999 mm, 104.3500 mm): Polygon of H3 on F.Silkscreen
    @(80.0000 mm, 104.2500 mm): PTH pad 1 [GND] of H1
[silk_over_copper]: Silkscreen clipped by solder mask
    Local override; warning
    @(77.1999 mm, 104.3500 mm): Polygon of H3 on F.Silkscreen
    @(78.1095 mm, 105.9282 mm): Pad 1 [GND] of H3 on F.Cu
[silk_over_copper]: Silkscreen clipped by solder mask
    Rule: Stacked standoff/M3 - silk clearance; warning
    @(77.1999 mm, 104.3500 mm): Polygon of H3 on F.Silkscreen
    @(77.6000 mm, 104.2500 mm): PTH pad 1 [GND] of H1
[silk_over_copper]: Silkscreen clipped by solder mask
    Rule: Stacked standoff/M3 - silk clearance; warning
    @(79.9000 mm, 101.4498 mm): Polygon of H3 on F.Silkscreen
    @(77.6000 mm, 104.2500 mm): PTH pad 1 [GND] of H1
[silk_over_copper]: Silkscreen clipped by solder mask
    Rule: Stacked standoff/M3 - silk clearance; warning
    @(77.1999 mm, 104.3500 mm): Polygon of H3 on F.Silkscreen
    @(78.3029 mm, 105.9471 mm): PTH pad 1 [GND] of H1
[silk_over_copper]: Silkscreen clipped by solder mask
    Rule: Stacked standoff/M3 - silk clearance; warning
    @(77.1999 mm, 104.3500 mm): Polygon of H3 on F.Silkscreen
    @(80.0000 mm, 106.6500 mm): PTH pad 1 [GND] of H1
[silk_over_copper]: Silkscreen clipped by solder mask
    Rule: Stacked standoff/M3 - silk clearance; warning
    @(80.1000 mm, 107.0502 mm): Polygon of H3 on F.Silkscreen
    @(81.6971 mm, 105.9471 mm): PTH pad 1 [GND] of H1
[silk_over_copper]: Silkscreen clipped by solder mask
    Rule: Stacked standoff/M3 - silk clearance; warning
    @(80.1000 mm, 107.0502 mm): Polygon of H3 on F.Silkscreen
    @(80.0000 mm, 106.6500 mm): PTH pad 1 [GND] of H1
[silk_over_copper]: Silkscreen clipped by solder mask
    Local override; warning
    @(90.1501 mm, 107.6524 mm): Polygon of U15 on F.Silkscreen
    @(89.8502 mm, 107.5274 mm): Pad 21 [unconnected-(U15-DRVOFF-Pad21)] of U15 on F.Cu
[silk_over_copper]: Silkscreen clipped by solder mask
    Local override; warning
    @(90.6252 mm, 106.7773 mm): Polygon of U15 on F.Silkscreen
    @(91.1500 mm, 106.6000 mm): Zone [<no net>] on F.Mask and F.Paste, priority 0
[silk_over_copper]: Silkscreen clipped by solder mask
    Local override; warning
    @(90.6252 mm, 106.7773 mm): Polygon of U15 on F.Silkscreen
    @(90.5002 mm, 106.8774 mm): Pad 20 [/PHC2] of U15 on F.Cu
[silk_over_copper]: Silkscreen clipped by solder mask
    Local override; warning
    @(91.1251 mm, 106.7773 mm): Polygon of U15 on F.Silkscreen
    @(91.1500 mm, 106.6000 mm): Zone [<no net>] on F.Mask and F.Paste, priority 0
[silk_over_copper]: Silkscreen clipped by solder mask
    Local override; warning
    @(91.1251 mm, 106.7773 mm): Polygon of U15 on F.Silkscreen
    @(91.0001 mm, 106.8774 mm): Pad 19 [/PHC2] of U15 on F.Cu
[silk_over_copper]: Silkscreen clipped by solder mask
    Local override; warning
    @(91.6252 mm, 106.7773 mm): Polygon of U15 on F.Silkscreen
    @(91.5002 mm, 106.8774 mm): Pad 18 [GND] of U15 on F.Cu
[silk_over_copper]: Silkscreen clipped by solder mask
    Local override; warning
    @(92.1251 mm, 106.7773 mm): Polygon of U15 on F.Silkscreen
    @(92.6500 mm, 107.2000 mm): Zone [<no net>] on F.Mask and F.Paste, priority 0
[silk_over_copper]: Silkscreen clipped by solder mask
    Local override; warning
    @(92.1251 mm, 106.7773 mm): Polygon of U15 on F.Silkscreen
    @(92.0001 mm, 106.8774 mm): Pad 17 [/PHB2] of U15 on F.Cu
[silk_over_copper]: Silkscreen clipped by solder mask
    Local override; warning
    @(92.2599 mm, 108.2011 mm): Reference field of J10
    @(92.2500 mm, 110.2775 mm): Pad 41 [GND] of U15 on F.Cu
[silk_over_copper]: Silkscreen clipped by solder mask
    Local override; warning
    @(90.1501 mm, 108.1523 mm): Polygon of U15 on F.Silkscreen
    @(89.8502 mm, 108.0273 mm): Pad 22 [/GPIO2] of U15 on F.Cu
[silk_over_copper]: Silkscreen clipped by solder mask
    Local override; warning
    @(90.1501 mm, 108.6524 mm): Polygon of U15 on F.Silkscreen
    @(89.8502 mm, 108.5274 mm): Pad 23 [Net-(D4-K)] of U15 on F.Cu
[silk_over_copper]: Silkscreen clipped by solder mask
    Local override; warning
    @(90.1501 mm, 109.1523 mm): Polygon of U15 on F.Silkscreen
    @(89.8502 mm, 109.0273 mm): Pad 24 [unconnected-(U15-NC-Pad24)] of U15 on F.Cu
[silk_over_copper]: Silkscreen clipped by solder mask
    Local override; warning
    @(90.1501 mm, 109.6524 mm): Polygon of U15 on F.Silkscreen
    @(89.8502 mm, 109.5274 mm): Pad 25 [Net-(U15-AVDD)] of U15 on F.Cu
[silk_over_copper]: Silkscreen clipped by solder mask
    Local override; warning
    @(94.3502 mm, 109.4024 mm): Polygon of U15 on F.Silkscreen
    @(94.6501 mm, 109.5274 mm): Pad 8 [/VCP] of U15 on F.Cu
[silk_over_copper]: Silkscreen clipped by solder mask
    Local override; warning
    @(94.3502 mm, 108.9023 mm): Polygon of U15 on F.Silkscreen
    @(94.6501 mm, 109.0273 mm): Pad 9 [VCC] of U15 on F.Cu
[silk_over_copper]: Silkscreen clipped by solder mask
    Local override; warning
    @(94.3502 mm, 108.4024 mm): Polygon of U15 on F.Silkscreen
    @(94.6501 mm, 108.5274 mm): Pad 10 [VCC] of U15 on F.Cu
[silk_over_copper]: Silkscreen clipped by solder mask
    Local override; warning
    @(94.3502 mm, 107.9023 mm): Polygon of U15 on F.Silkscreen
    @(94.6501 mm, 108.0273 mm): Pad 11 [VCC] of U15 on F.Cu
[silk_over_copper]: Silkscreen clipped by solder mask
    Local override; warning
    @(90.4000 mm, 107.4275 mm): Polygon of U15 on F.Silkscreen
    @(92.2500 mm, 110.2775 mm): Pad 41 [GND] of U15 on F.Cu
[silk_over_copper]: Silkscreen clipped by solder mask
    Local override; warning
    @(92.6252 mm, 106.7773 mm): Polygon of U15 on F.Silkscreen
    @(92.6500 mm, 107.2000 mm): Zone [<no net>] on F.Mask and F.Paste, priority 0
[silk_over_copper]: Silkscreen clipped by solder mask
    Local override; warning
    @(92.6252 mm, 106.7773 mm): Polygon of U15 on F.Silkscreen
    @(92.5002 mm, 106.8774 mm): Pad 16 [/PHB2] of U15 on F.Cu
[silk_over_copper]: Silkscreen clipped by solder mask
    Local override; warning
    @(93.1251 mm, 106.7773 mm): Polygon of U15 on F.Silkscreen
    @(93.0001 mm, 106.8774 mm): Pad 15 [GND] of U15 on F.Cu
[silk_over_copper]: Silkscreen clipped by solder mask
    Local override; warning
    @(93.6252 mm, 106.7773 mm): Polygon of U15 on F.Silkscreen
    @(94.1500 mm, 107.2000 mm): Zone [<no net>] on F.Mask and F.Paste, priority 0
[silk_over_copper]: Silkscreen clipped by solder mask
    Local override; warning
    @(93.6252 mm, 106.7773 mm): Polygon of U15 on F.Silkscreen
    @(93.5002 mm, 106.8774 mm): Pad 14 [/PHA2] of U15 on F.Cu
[silk_over_copper]: Silkscreen clipped by solder mask
    Local override; warning
    @(94.1251 mm, 106.7773 mm): Polygon of U15 on F.Silkscreen
    @(94.1500 mm, 107.2000 mm): Zone [<no net>] on F.Mask and F.Paste, priority 0
[silk_over_copper]: Silkscreen clipped by solder mask
    Local override; warning
    @(94.1251 mm, 106.7773 mm): Polygon of U15 on F.Silkscreen
    @(94.0001 mm, 106.8774 mm): Pad 13 [/PHA2] of U15 on F.Cu
[silk_over_copper]: Silkscreen clipped by solder mask
    Local override; warning
    @(94.3502 mm, 107.4024 mm): Polygon of U15 on F.Silkscreen
    @(94.6501 mm, 107.5274 mm): Pad 12 [GND] of U15 on F.Cu
[silk_over_copper]: Silkscreen clipped by solder mask
    Local override; warning
    @(88.1999 mm, 106.2000 mm): Segment of J10 on F.Silkscreen
    @(94.1500 mm, 107.2000 mm): Zone [<no net>] on F.Mask and F.Paste, priority 0
[silk_over_copper]: Silkscreen clipped by solder mask
    Local override; warning
    @(88.1999 mm, 106.2000 mm): Segment of J10 on F.Silkscreen
    @(92.6500 mm, 107.2000 mm): Zone [<no net>] on F.Mask and F.Paste, priority 0
[silk_over_copper]: Silkscreen clipped by solder mask
    Local override; warning
    @(88.1999 mm, 106.2000 mm): Segment of J10 on F.Silkscreen
    @(91.1500 mm, 106.6000 mm): Zone [<no net>] on F.Mask and F.Paste, priority 0
[silk_over_copper]: Silkscreen clipped by solder mask
    Local override; warning
    @(90.7331 mm, 106.2000 mm): Segment of J10 on F.Silkscreen
    @(91.1500 mm, 106.6000 mm): Zone [<no net>] on F.Mask and F.Paste, priority 0
[silk_over_copper]: Silkscreen clipped by solder mask
    Local override; warning
    @(90.7331 mm, 105.3401 mm): Segment of J10 on F.Silkscreen
    @(91.1500 mm, 106.6000 mm): Zone [<no net>] on F.Mask and F.Paste, priority 0
[silk_over_copper]: Silkscreen clipped by solder mask
    Local override; warning
    @(88.1999 mm, 104.7276 mm): Segment of J10 on F.Silkscreen
    @(94.1500 mm, 107.2000 mm): Zone [<no net>] on F.Mask and F.Paste, priority 0
[silk_over_copper]: Silkscreen clipped by solder mask
    Local override; warning
    @(88.1999 mm, 104.7276 mm): Segment of J10 on F.Silkscreen
    @(92.6500 mm, 107.2000 mm): Zone [<no net>] on F.Mask and F.Paste, priority 0
[silk_over_copper]: Silkscreen clipped by solder mask
    Local override; warning
    @(88.1999 mm, 104.7276 mm): Segment of J10 on F.Silkscreen
    @(91.1500 mm, 106.6000 mm): Zone [<no net>] on F.Mask and F.Paste, priority 0
[silk_over_copper]: Silkscreen clipped by solder mask
    Local override; warning
    @(93.2734 mm, 105.3401 mm): Segment of J10 on F.Silkscreen
    @(92.6500 mm, 107.2000 mm): Zone [<no net>] on F.Mask and F.Paste, priority 0
[silk_over_copper]: Silkscreen clipped by solder mask
    Local override; warning
    @(93.2734 mm, 106.2011 mm): Segment of J10 on F.Silkscreen
    @(94.1500 mm, 107.2000 mm): Zone [<no net>] on F.Mask and F.Paste, priority 0
[silk_over_copper]: Silkscreen clipped by solder mask
    Local override; warning
    @(93.7839 mm, 105.3401 mm): Segment of J10 on F.Silkscreen
    @(94.1500 mm, 107.2000 mm): Zone [<no net>] on F.Mask and F.Paste, priority 0
[silk_over_copper]: Silkscreen clipped by solder mask
    Local override; warning
    @(87.5035 mm, 103.6995 mm): Circle of LED5 on F.Silkscreen
    @(87.1001 mm, 103.6490 mm): Pad 1 [Net-(LED5-K)] of LED5 on F.Cu
[silk_over_copper]: Silkscreen clipped by solder mask
    Local override; warning
    @(87.5035 mm, 103.6996 mm): Polygon of LED5 on F.Silkscreen
    @(87.1001 mm, 103.6490 mm): Pad 1 [Net-(LED5-K)] of LED5 on F.Cu
[silk_over_copper]: Silkscreen clipped by solder mask
    Local override; warning
    @(87.5000 mm, 103.6996 mm): Polygon of LED5 on F.Silkscreen
    @(87.1001 mm, 103.6490 mm): Pad 1 [Net-(LED5-K)] of LED5 on F.Cu
[silk_over_copper]: Silkscreen clipped by solder mask
    Local override; warning
    @(87.5000 mm, 103.6996 mm): Polygon of LED5 on F.Silkscreen
    @(87.0999 mm, 102.1510 mm): Pad 2 [+3.3V] of LED5 on F.Cu
[silk_over_copper]: Silkscreen clipped by solder mask
    Local override; warning
    @(87.4965 mm, 102.3996 mm): Polygon of LED5 on F.Silkscreen
    @(87.0999 mm, 102.1510 mm): Pad 2 [+3.3V] of LED5 on F.Cu
[silk_over_copper]: Silkscreen clipped by solder mask
    Local override; warning
    @(105.4440 mm, 103.2440 mm): Polygon of C58 on F.Silkscreen
    @(109.0000 mm, 102.4050 mm): Pad 2 [VCC] of C43 on F.Cu
[silk_over_copper]: Silkscreen clipped by solder mask
    Local override; warning
    @(108.5000 mm, 101.3000 mm): Polygon of C43 on F.Silkscreen
    @(109.0000 mm, 102.4050 mm): Pad 2 [VCC] of C43 on F.Cu
[silk_over_copper]: Silkscreen clipped by solder mask
    Local override; warning
    @(108.5000 mm, 101.3000 mm): Polygon of C43 on F.Silkscreen
    @(109.0000 mm, 104.2600 mm): PTH pad 2 [VCC] of C58
[silk_over_copper]: Silkscreen clipped by solder mask
    Local override; warning
    @(109.0000 mm, 106.8000 mm): Circle of C58 on F.Silkscreen
    @(109.0000 mm, 102.4050 mm): Pad 2 [VCC] of C43 on F.Cu
[silk_over_copper]: Silkscreen clipped by solder mask
    Local override; warning
    @(109.0000 mm, 106.8000 mm): Circle of C58 on F.Silkscreen
    @(109.0000 mm, 111.1950 mm): Pad 1 [GND] of C43 on F.Cu
[silk_over_copper]: Silkscreen clipped by solder mask
    Local override; warning
    @(108.5000 mm, 112.3000 mm): Polygon of C43 on F.Silkscreen
    @(109.0000 mm, 109.3400 mm): PTH pad 1 [GND] of C58
[silk_over_copper]: Silkscreen clipped by solder mask
    Local override; warning
    @(108.5000 mm, 112.3000 mm): Polygon of C43 on F.Silkscreen
    @(109.0000 mm, 111.1950 mm): Pad 1 [GND] of C43 on F.Cu
[silk_over_copper]: Silkscreen clipped by solder mask
    Local override; warning
    @(95.8178 mm, 105.3401 mm): Segment of J10 on F.Silkscreen
    @(94.1500 mm, 107.2000 mm): Zone [<no net>] on F.Mask and F.Paste, priority 0
[silk_over_copper]: Silkscreen clipped by solder mask
    Local override; warning
    @(94.3502 mm, 109.9023 mm): Polygon of U15 on F.Silkscreen
    @(94.6501 mm, 110.0273 mm): Pad 7 [Net-(U15-CPH)] of U15 on F.Cu
[silk_over_copper]: Silkscreen clipped by solder mask
    Local override; warning
    @(94.3502 mm, 110.4024 mm): Polygon of U15 on F.Silkscreen
    @(94.6501 mm, 110.5274 mm): Pad 6 [Net-(U15-CPL)] of U15 on F.Cu
[silk_over_copper]: Silkscreen clipped by solder mask
    Local override; warning
    @(99.9499 mm, 110.4000 mm): Reference field of C47
    @(99.2250 mm, 109.5274 mm): Pad 2 [/VCP] of C47 on F.Cu
[silk_over_copper]: Silkscreen clipped by solder mask
    Local override; warning
    @(99.5001 mm, 111.9275 mm): Polygon of L2 on F.Silkscreen
    @(101.0001 mm, 111.4274 mm): Pad 2 [Net-(U15-SW_BK)] of L2 on F.Cu
[silk_over_copper]: Silkscreen clipped by solder mask
    Local override; warning
    @(94.3502 mm, 110.9023 mm): Polygon of U15 on F.Silkscreen
    @(94.6501 mm, 111.0273 mm): Pad 5 [Net-(U15-SW_BK)] of U15 on F.Cu
[silk_over_copper]: Silkscreen clipped by solder mask
    Local override; warning
    @(94.3502 mm, 111.4024 mm): Polygon of U15 on F.Silkscreen
    @(94.6501 mm, 111.5274 mm): Pad 4 [GND] of U15 on F.Cu
[silk_over_copper]: Silkscreen clipped by solder mask
    Local override; warning
    @(94.3502 mm, 111.9023 mm): Polygon of U15 on F.Silkscreen
    @(94.6501 mm, 112.0273 mm): Pad 3 [/BUCK] of U15 on F.Cu
[silk_over_copper]: Silkscreen clipped by solder mask
    Local override; warning
    @(94.3502 mm, 112.4024 mm): Polygon of U15 on F.Silkscreen
    @(94.6501 mm, 112.5274 mm): Pad 2 [GND] of U15 on F.Cu
[silk_over_copper]: Silkscreen clipped by solder mask
    Local override; warning
    @(94.3502 mm, 112.9023 mm): Polygon of U15 on F.Silkscreen
    @(94.6501 mm, 113.0273 mm): Pad 1 [unconnected-(U15-NC-Pad1)] of U15 on F.Cu
[silk_over_copper]: Silkscreen clipped by solder mask
    Local override; warning
    @(99.5001 mm, 114.0275 mm): Polygon of L2 on F.Silkscreen
    @(101.0001 mm, 113.6273 mm): Pad 1 [/BUCK] of L2 on F.Cu
[silk_over_copper]: Silkscreen clipped by solder mask
    Local override; warning
    @(100.7500 mm, 114.7500 mm): Reference field of L2
    @(101.0001 mm, 113.6273 mm): Pad 1 [/BUCK] of L2 on F.Cu
[silk_over_copper]: Silkscreen clipped by solder mask
    Local override; warning
    @(102.4000 mm, 110.3000 mm): Reference field of TP46
    @(101.0001 mm, 111.4274 mm): Pad 2 [Net-(U15-SW_BK)] of L2 on F.Cu
[silk_over_copper]: Silkscreen clipped by solder mask
    Local override; warning
    @(99.9499 mm, 110.4000 mm): Reference field of C47
    @(100.7750 mm, 109.5274 mm): Pad 1 [VCC] of C47 on F.Cu
[silk_over_copper]: Silkscreen clipped by solder mask
    Local override; warning
    @(109.0000 mm, 111.3720 mm): Segment of C58 on F.Silkscreen
    @(109.0000 mm, 111.1950 mm): Pad 1 [GND] of C43 on F.Cu
[silk_over_copper]: Silkscreen clipped by solder mask
    Local override; warning
    @(108.2380 mm, 110.8640 mm): Segment of C58 on F.Silkscreen
    @(109.0000 mm, 111.1950 mm): Pad 1 [GND] of C43 on F.Cu
[silk_over_copper]: Silkscreen clipped by solder mask
    Local override; warning
    @(113.8283 mm, 111.3453 mm): Polygon of U3 on F.Silkscreen
    @(113.6549 mm, 111.8016 mm): Pad 1 [Net-(U3-B)] of U3 on F.Cu
[silk_over_copper]: Silkscreen clipped by solder mask
    Local override; warning
    @(113.7151 mm, 111.4585 mm): Polygon of U3 on F.Silkscreen
    @(113.6549 mm, 111.8016 mm): Pad 1 [Net-(U3-B)] of U3 on F.Cu
[silk_over_copper]: Silkscreen clipped by solder mask
    Local override; warning
    @(114.0000 mm, 111.8000 mm): Circle of C58 on F.Silkscreen
    @(113.6549 mm, 111.8016 mm): Pad 1 [Net-(U3-B)] of U3 on F.Cu
[silk_over_copper]: Silkscreen clipped by solder mask
    Local override; warning
    @(115.0587 mm, 112.8020 mm): Polygon of U3 on F.Silkscreen
    @(114.9984 mm, 113.1451 mm): Pad 2 [Net-(D1-A)] of U3 on F.Cu
[silk_over_copper]: Silkscreen clipped by solder mask
    Local override; warning
    @(114.8000 mm, 114.0000 mm): Reference field of R26
    @(114.9984 mm, 113.1451 mm): Pad 2 [Net-(D1-A)] of U3 on F.Cu
[silk_over_copper]: Silkscreen clipped by solder mask
    Local override; warning
    @(109.3750 mm, 114.3500 mm): Reference field of R17
    @(109.0000 mm, 111.1950 mm): Pad 1 [GND] of C43 on F.Cu
[silk_over_copper]: Silkscreen clipped by solder mask
    Local override; warning
    @(105.7000 mm, 112.6000 mm): Reference field of R25
    @(106.8000 mm, 112.7900 mm): Pad 2 [VCC] of R25 on F.Cu
[silk_over_copper]: Silkscreen clipped by solder mask
    Local override; warning
    @(105.6000 mm, 119.5750 mm): Reference field of C25
    @(106.7318 mm, 119.5932 mm): Pad 1 [/VDDA_DECOUPLE] of L3 on F.Cu
[silk_over_copper]: Silkscreen clipped by solder mask
    Local override; warning
    @(105.6000 mm, 119.5750 mm): Reference field of C25
    @(106.7603 mm, 119.5720 mm): Pad 1 [/VDDA_DECOUPLE] of R34 on F.Cu
[silk_over_copper]: Silkscreen clipped by solder mask
    Local override; warning
    @(92.8600 mm, 119.2775 mm): Polygon of U18 on F.Silkscreen
    @(91.5000 mm, 119.6501 mm): Pad 8 [GND] of J12 on F.Cu
[silk_over_copper]: Silkscreen clipped by solder mask
    Local override; warning
    @(93.8751 mm, 113.7774 mm): Polygon of U15 on F.Silkscreen
    @(94.0001 mm, 113.6773 mm): Pad 40 [/SOA2] of U15 on F.Cu
[silk_over_copper]: Silkscreen clipped by solder mask
    Local override; warning
    @(93.3752 mm, 113.7774 mm): Polygon of U15 on F.Silkscreen
    @(93.5002 mm, 113.6773 mm): Pad 39 [/SOB2] of U15 on F.Cu
[silk_over_copper]: Silkscreen clipped by solder mask
    Local override; warning
    @(92.8751 mm, 113.7774 mm): Polygon of U15 on F.Silkscreen
    @(93.0001 mm, 113.6773 mm): Pad 38 [/SOC2] of U15 on F.Cu
[silk_over_copper]: Silkscreen clipped by solder mask
    Local override; warning
    @(92.3752 mm, 113.7774 mm): Polygon of U15 on F.Silkscreen
    @(92.5002 mm, 113.6773 mm): Pad 37 [+3.3V] of U15 on F.Cu
[silk_over_copper]: Silkscreen clipped by solder mask
    Local override; warning
    @(90.8751 mm, 113.7774 mm): Polygon of U15 on F.Silkscreen
    @(91.0001 mm, 113.6773 mm): Pad 34 [/SPI1_MOSI] of U15 on F.Cu
[silk_over_copper]: Silkscreen clipped by solder mask
    Local override; warning
    @(90.3752 mm, 113.7774 mm): Polygon of U15 on F.Silkscreen
    @(90.5002 mm, 113.6773 mm): Pad 33 [/SPI1_MISO] of U15 on F.Cu
[silk_over_copper]: Silkscreen clipped by solder mask
    Local override; warning
    @(91.3752 mm, 113.7774 mm): Polygon of U15 on F.Silkscreen
    @(91.5002 mm, 113.6773 mm): Pad 35 [/SPI1_SCK] of U15 on F.Cu
[silk_over_copper]: Silkscreen clipped by solder mask
    Local override; warning
    @(91.8751 mm, 113.7774 mm): Polygon of U15 on F.Silkscreen
    @(92.0001 mm, 113.6773 mm): Pad 36 [/SPI1_NSS] of U15 on F.Cu
[silk_over_copper]: Silkscreen clipped by solder mask
    Local override; warning
    @(90.1501 mm, 113.1523 mm): Polygon of U15 on F.Silkscreen
    @(89.8502 mm, 113.0273 mm): Pad 32 [/TIM8_CH3N] of U15 on F.Cu
[silk_over_copper]: Silkscreen clipped by solder mask
    Local override; warning
    @(90.1501 mm, 112.6524 mm): Polygon of U15 on F.Silkscreen
    @(89.8502 mm, 112.5274 mm): Pad 31 [/TIM8_CH3] of U15 on F.Cu
[silk_over_copper]: Silkscreen clipped by solder mask
    Local override; warning
    @(90.1501 mm, 112.1523 mm): Polygon of U15 on F.Silkscreen
    @(89.8502 mm, 112.0273 mm): Pad 30 [/TIM8_CH2N] of U15 on F.Cu
[silk_over_copper]: Silkscreen clipped by solder mask
    Local override; warning
    @(90.1501 mm, 110.1523 mm): Polygon of U15 on F.Silkscreen
    @(89.8502 mm, 110.0273 mm): Pad 26 [GND] of U15 on F.Cu
[silk_over_copper]: Silkscreen clipped by solder mask
    Local override; warning
    @(90.1501 mm, 110.6524 mm): Polygon of U15 on F.Silkscreen
    @(89.8502 mm, 110.5274 mm): Pad 27 [/TIM8_CH1] of U15 on F.Cu
[silk_over_copper]: Silkscreen clipped by solder mask
    Local override; warning
    @(90.1501 mm, 111.1523 mm): Polygon of U15 on F.Silkscreen
    @(89.8502 mm, 111.0273 mm): Pad 28 [/TIM8_CH1N] of U15 on F.Cu
[silk_over_copper]: Silkscreen clipped by solder mask
    Local override; warning
    @(90.1501 mm, 111.6524 mm): Polygon of U15 on F.Silkscreen
    @(89.8502 mm, 111.5274 mm): Pad 29 [/TIM8_CH2] of U15 on F.Cu
[silk_over_copper]: Silkscreen clipped by solder mask
    Local override; warning
    @(81.4000 mm, 113.8300 mm): Polygon of U2 on F.Silkscreen
    @(81.1749 mm, 114.1200 mm): Pad 5 [+BATT] of U2 on F.Cu
[silk_over_copper]: Silkscreen clipped by solder mask
    Local override; warning
    @(79.7001 mm, 113.8300 mm): Polygon of U2 on F.Silkscreen
    @(79.4250 mm, 114.1200 mm): Pad 6 [+BATT] of U2 on F.Cu
[silk_over_copper]: Silkscreen clipped by solder mask
    Local override; warning
    @(79.7001 mm, 113.1500 mm): Polygon of U2 on F.Silkscreen
    @(79.4000 mm, 113.3500 mm): Pad 10 [+BATT] of U2 on F.Cu
[silk_over_copper]: Silkscreen clipped by solder mask
    Local override; warning
    @(81.4000 mm, 113.1500 mm): Polygon of U2 on F.Silkscreen
    @(81.2000 mm, 113.3500 mm): Pad 9 [+BATT] of U2 on F.Cu
[silk_over_copper]: Silkscreen clipped by solder mask
    Local override; warning
    @(79.7001 mm, 116.4500 mm): Polygon of U2 on F.Silkscreen
    @(79.4000 mm, 116.6500 mm): Pad 11 [GND] of U2 on F.Cu
[silk_over_copper]: Silkscreen clipped by solder mask
    Local override; warning
    @(79.7001 mm, 115.5900 mm): Polygon of U2 on F.Silkscreen
    @(79.4250 mm, 115.8800 mm): Pad 7 [GND] of U2 on F.Cu
[silk_over_copper]: Silkscreen clipped by solder mask
    Local override; warning
    @(79.7001 mm, 115.1300 mm): Polygon of U2 on F.Silkscreen
    @(79.4250 mm, 115.2000 mm): Pad 2 [unconnected-(U2-Pad2)] of U2 on F.Cu
[silk_over_copper]: Silkscreen clipped by solder mask
    Local override; warning
    @(79.7001 mm, 114.7300 mm): Polygon of U2 on F.Silkscreen
    @(79.4250 mm, 114.8000 mm): Pad 1 [unconnected-(U2-Pad1)] of U2 on F.Cu
[silk_over_copper]: Silkscreen clipped by solder mask
    Local override; warning
    @(79.4853 mm, 117.7824 mm): Segment of J4 on F.Silkscreen
    @(79.4000 mm, 113.3500 mm): Pad 10 [+BATT] of U2 on F.Cu
[silk_over_copper]: Silkscreen clipped by solder mask
    Local override; warning
    @(79.4853 mm, 117.7824 mm): Segment of J4 on F.Silkscreen
    @(79.4250 mm, 114.1200 mm): Pad 6 [+BATT] of U2 on F.Cu
[silk_over_copper]: Silkscreen clipped by solder mask
    Local override; warning
    @(79.4853 mm, 117.7824 mm): Segment of J4 on F.Silkscreen
    @(79.4250 mm, 114.8000 mm): Pad 1 [unconnected-(U2-Pad1)] of U2 on F.Cu
[silk_over_copper]: Silkscreen clipped by solder mask
    Local override; warning
    @(79.4853 mm, 117.7824 mm): Segment of J4 on F.Silkscreen
    @(79.4250 mm, 115.2000 mm): Pad 2 [unconnected-(U2-Pad2)] of U2 on F.Cu
[silk_over_copper]: Silkscreen clipped by solder mask
    Local override; warning
    @(79.4853 mm, 117.7824 mm): Segment of J4 on F.Silkscreen
    @(79.4000 mm, 116.6500 mm): Pad 11 [GND] of U2 on F.Cu
[silk_over_copper]: Silkscreen clipped by solder mask
    Local override; warning
    @(79.4853 mm, 117.7824 mm): Segment of J4 on F.Silkscreen
    @(79.4250 mm, 115.8800 mm): Pad 7 [GND] of U2 on F.Cu
[silk_over_copper]: Silkscreen clipped by solder mask
    Local override; warning
    @(80.0978 mm, 114.7384 mm): Segment of J4 on F.Silkscreen
    @(81.1749 mm, 114.8000 mm): Pad 4 [/CAN_H] of U2 on F.Cu
[silk_over_copper]: Silkscreen clipped by solder mask
    Local override; warning
    @(80.9577 mm, 115.2492 mm): Segment of J4 on F.Silkscreen
    @(81.1749 mm, 115.2000 mm): Pad 3 [/CAN_L] of U2 on F.Cu
[silk_over_copper]: Silkscreen clipped by solder mask
    Local override; warning
    @(81.4000 mm, 115.1300 mm): Polygon of U2 on F.Silkscreen
    @(81.1749 mm, 115.2000 mm): Pad 3 [/CAN_L] of U2 on F.Cu
[silk_over_copper]: Silkscreen clipped by solder mask
    Local override; warning
    @(81.4000 mm, 115.5900 mm): Polygon of U2 on F.Silkscreen
    @(81.1749 mm, 115.8800 mm): Pad 8 [GND] of U2 on F.Cu
[silk_over_copper]: Silkscreen clipped by solder mask
    Local override; warning
    @(80.9577 mm, 117.7824 mm): Segment of J4 on F.Silkscreen
    @(81.2000 mm, 113.3500 mm): Pad 9 [+BATT] of U2 on F.Cu
[silk_over_copper]: Silkscreen clipped by solder mask
    Local override; warning
    @(80.9577 mm, 117.7824 mm): Segment of J4 on F.Silkscreen
    @(81.1749 mm, 114.1200 mm): Pad 5 [+BATT] of U2 on F.Cu
[silk_over_copper]: Silkscreen clipped by solder mask
    Local override; warning
    @(80.9577 mm, 117.7824 mm): Segment of J4 on F.Silkscreen
    @(81.2000 mm, 116.6500 mm): Pad 12 [GND] of U2 on F.Cu
[silk_over_copper]: Silkscreen clipped by solder mask
    Local override; warning
    @(80.9577 mm, 117.7824 mm): Segment of J4 on F.Silkscreen
    @(81.1749 mm, 115.8800 mm): Pad 8 [GND] of U2 on F.Cu
[silk_over_copper]: Silkscreen clipped by solder mask
    Local override; warning
    @(80.9577 mm, 117.7824 mm): Segment of J4 on F.Silkscreen
    @(81.1749 mm, 114.8000 mm): Pad 4 [/CAN_H] of U2 on F.Cu
[silk_over_copper]: Silkscreen clipped by solder mask
    Local override; warning
    @(80.9577 mm, 117.7824 mm): Segment of J4 on F.Silkscreen
    @(81.1749 mm, 115.2000 mm): Pad 3 [/CAN_L] of U2 on F.Cu
[silk_over_copper]: Silkscreen clipped by solder mask
    Local override; warning
    @(81.4000 mm, 114.7300 mm): Polygon of U2 on F.Silkscreen
    @(81.1749 mm, 114.8000 mm): Pad 4 [/CAN_H] of U2 on F.Cu
[silk_over_copper]: Silkscreen clipped by solder mask
    Local override; warning
    @(81.4000 mm, 116.4500 mm): Polygon of U2 on F.Silkscreen
    @(81.2000 mm, 116.6500 mm): Pad 12 [GND] of U2 on F.Cu
[silk_over_copper]: Silkscreen clipped by solder mask
    Local override; warning
    @(84.4000 mm, 124.1000 mm): Reference field of R11
    @(83.5000 mm, 123.4800 mm): Pad 2 [+5V] of C5 on F.Cu
[silk_over_copper]: Silkscreen clipped by solder mask
    Local override; warning
    @(84.6537 mm, 123.2250 mm): Polygon of U8 on F.Silkscreen
    @(84.4000 mm, 123.4249 mm): Pad 2 [+5V] of U8 on F.Cu
[silk_over_copper]: Silkscreen clipped by solder mask
    Local override; warning
    @(84.7000 mm, 122.5000 mm): Polygon of U8 on F.Silkscreen
    @(84.4000 mm, 123.4249 mm): Pad 2 [+5V] of U8 on F.Cu
[silk_over_copper]: Silkscreen clipped by solder mask
    Local override; warning
    @(84.7000 mm, 122.5000 mm): Polygon of U8 on F.Silkscreen
    @(84.4000 mm, 122.5751 mm): Pad 1 [GND] of U8 on F.Cu
[silk_over_copper]: Silkscreen clipped by solder mask
    Local override; warning
    @(84.6537 mm, 122.5250 mm): Polygon of U8 on F.Silkscreen
    @(84.4000 mm, 122.5751 mm): Pad 1 [GND] of U8 on F.Cu
[silk_over_copper]: Silkscreen clipped by solder mask
    Local override; warning
    @(84.1000 mm, 122.5000 mm): Circle of U8 on F.Silkscreen
    @(84.4000 mm, 122.5751 mm): Pad 1 [GND] of U8 on F.Cu
[silk_over_copper]: Silkscreen clipped by solder mask
    Local override; warning
    @(88.7000 mm, 127.2000 mm): Reference field of J12
    @(89.2000 mm, 125.9500 mm): Pad 6 [/SPI2_SCK] of J12 on F.Cu
[silk_over_copper]: Silkscreen clipped by solder mask
    Local override; warning
    @(77.2000 mm, 127.6000 mm): Polygon of LED2 on F.Silkscreen
    @(77.6000 mm, 127.5999 mm): Pad 2 [Net-(LED2-K)] of LED2 on F.Cu
[silk_over_copper]: Silkscreen clipped by solder mask
    Local override; warning
    @(78.0000 mm, 127.6000 mm): Polygon of LED2 on F.Silkscreen
    @(77.6000 mm, 127.5999 mm): Pad 2 [Net-(LED2-K)] of LED2 on F.Cu
[silk_over_copper]: Silkscreen clipped by solder mask
    Local override; warning
    @(78.0000 mm, 127.6000 mm): Polygon of LED2 on F.Silkscreen
    @(77.6000 mm, 129.2001 mm): Pad 1 [+3.3V] of LED2 on F.Cu
[silk_over_copper]: Silkscreen clipped by solder mask
    Local override; warning
    @(78.0001 mm, 129.2001 mm): Circle of LED2 on F.Silkscreen
    @(77.6000 mm, 129.2001 mm): Pad 1 [+3.3V] of LED2 on F.Cu
[silk_over_copper]: Silkscreen clipped by solder mask
    Local override; warning
    @(78.0000 mm, 129.2000 mm): Polygon of LED2 on F.Silkscreen
    @(77.6000 mm, 129.2001 mm): Pad 1 [+3.3V] of LED2 on F.Cu
[silk_over_copper]: Silkscreen clipped by solder mask
    Local override; warning
    @(79.9000 mm, 131.4498 mm): Polygon of H6 on F.Silkscreen
    @(78.3216 mm, 132.3592 mm): Pad 1 [GND] of H6 on F.Cu
[silk_over_copper]: Silkscreen clipped by solder mask
    Rule: Stacked standoff/M3 - silk clearance; warning
    @(79.9000 mm, 131.4498 mm): Polygon of H6 on F.Silkscreen
    @(80.0000 mm, 134.2500 mm): PTH pad 1 [GND] of H4
[silk_over_copper]: Silkscreen clipped by solder mask
    Local override; warning
    @(83.3500 mm, 129.9101 mm): Polygon of U9 on F.Silkscreen
    @(83.1500 mm, 129.4649 mm): Pad 2 [+5V] of U9 on F.Cu
[silk_over_copper]: Silkscreen clipped by solder mask
    Local override; warning
    @(83.3500 mm, 129.7501 mm): Polygon of U9 on F.Silkscreen
    @(83.1500 mm, 129.4649 mm): Pad 2 [+5V] of U9 on F.Cu
[silk_over_copper]: Silkscreen clipped by solder mask
    Local override; warning
    @(84.3000 mm, 131.6601 mm): Polygon of U9 on F.Silkscreen
    @(84.1000 mm, 131.9351 mm): Pad 3 [+3.3V] of U9 on F.Cu
[silk_over_copper]: Silkscreen clipped by solder mask
    Local override; warning
    @(84.3000 mm, 131.6501 mm): Polygon of U9 on F.Silkscreen
    @(84.1000 mm, 131.9351 mm): Pad 3 [+3.3V] of U9 on F.Cu
[silk_over_copper]: Silkscreen clipped by solder mask
    Local override; warning
    @(82.8000 mm, 134.1500 mm): Polygon of H6 on F.Silkscreen
    @(81.8905 mm, 132.5718 mm): Pad 1 [GND] of H6 on F.Cu
[silk_over_copper]: Silkscreen clipped by solder mask
    Rule: Stacked standoff/M3 - silk clearance; warning
    @(82.8000 mm, 134.1500 mm): Polygon of H6 on F.Silkscreen
    @(80.0000 mm, 134.2500 mm): PTH pad 1 [GND] of H4
[silk_over_copper]: Silkscreen clipped by solder mask
    Rule: Stacked standoff/M3 - silk clearance; warning
    @(82.8000 mm, 134.1500 mm): Polygon of H6 on F.Silkscreen
    @(80.0000 mm, 131.8500 mm): PTH pad 1 [GND] of H4
[silk_over_copper]: Silkscreen clipped by solder mask
    Rule: Stacked standoff/M3 - silk clearance; warning
    @(79.9000 mm, 131.4498 mm): Polygon of H6 on F.Silkscreen
    @(80.0000 mm, 131.8500 mm): PTH pad 1 [GND] of H4
[silk_over_copper]: Silkscreen clipped by solder mask
    Rule: Stacked standoff/M3 - silk clearance; warning
    @(82.8000 mm, 134.1500 mm): Polygon of H6 on F.Silkscreen
    @(81.6971 mm, 132.5529 mm): PTH pad 1 [GND] of H4
[silk_over_copper]: Silkscreen clipped by solder mask
    Rule: Stacked standoff/M3 - silk clearance; warning
    @(82.8000 mm, 134.1500 mm): Polygon of H6 on F.Silkscreen
    @(82.4000 mm, 134.2500 mm): PTH pad 1 [GND] of H4
[silk_over_copper]: Silkscreen clipped by solder mask
    Rule: Stacked standoff/M3 - silk clearance; warning
    @(79.9000 mm, 131.4498 mm): Polygon of H6 on F.Silkscreen
    @(77.6000 mm, 134.2500 mm): PTH pad 1 [GND] of H4
[silk_over_copper]: Silkscreen clipped by solder mask
    Rule: Stacked standoff/M3 - silk clearance; warning
    @(79.9000 mm, 131.4498 mm): Polygon of H6 on F.Silkscreen
    @(78.3029 mm, 132.5529 mm): PTH pad 1 [GND] of H4
[silk_over_copper]: Silkscreen clipped by solder mask
    Rule: Stacked standoff/M3 - silk clearance; warning
    @(77.1999 mm, 134.3500 mm): Polygon of H6 on F.Silkscreen
    @(80.0000 mm, 134.2500 mm): PTH pad 1 [GND] of H4
[silk_over_copper]: Silkscreen clipped by solder mask
    Rule: Stacked standoff/M3 - silk clearance; warning
    @(77.1999 mm, 134.3500 mm): Polygon of H6 on F.Silkscreen
    @(77.6000 mm, 134.2500 mm): PTH pad 1 [GND] of H4
[silk_over_copper]: Silkscreen clipped by solder mask
    Local override; warning
    @(77.1999 mm, 134.3500 mm): Polygon of H6 on F.Silkscreen
    @(78.1095 mm, 135.9282 mm): Pad 1 [GND] of H6 on F.Cu
[silk_over_copper]: Silkscreen clipped by solder mask
    Rule: Stacked standoff/M3 - silk clearance; warning
    @(77.1999 mm, 134.3500 mm): Polygon of H6 on F.Silkscreen
    @(78.3029 mm, 135.9471 mm): PTH pad 1 [GND] of H4
[silk_over_copper]: Silkscreen clipped by solder mask
    Rule: Stacked standoff/M3 - silk clearance; warning
    @(77.1999 mm, 134.3500 mm): Polygon of H6 on F.Silkscreen
    @(80.0000 mm, 136.6500 mm): PTH pad 1 [GND] of H4
[silk_over_copper]: Silkscreen clipped by solder mask
    Rule: Stacked standoff/M3 - silk clearance; warning
    @(80.1000 mm, 137.0502 mm): Polygon of H6 on F.Silkscreen
    @(80.0000 mm, 134.2500 mm): PTH pad 1 [GND] of H4
[silk_over_copper]: Silkscreen clipped by solder mask
    Rule: Stacked standoff/M3 - silk clearance; warning
    @(80.1000 mm, 137.0502 mm): Polygon of H6 on F.Silkscreen
    @(80.0000 mm, 136.6500 mm): PTH pad 1 [GND] of H4
[silk_over_copper]: Silkscreen clipped by solder mask
    Local override; warning
    @(80.1000 mm, 137.0502 mm): Polygon of H6 on F.Silkscreen
    @(81.6784 mm, 136.1405 mm): Pad 1 [GND] of H6 on F.Cu
[silk_over_copper]: Silkscreen clipped by solder mask
    Rule: Stacked standoff/M3 - silk clearance; warning
    @(80.1000 mm, 137.0502 mm): Polygon of H6 on F.Silkscreen
    @(81.6971 mm, 135.9471 mm): PTH pad 1 [GND] of H4
[silk_over_copper]: Silkscreen clipped by solder mask
    Rule: Stacked standoff/M3 - silk clearance; warning
    @(80.1000 mm, 137.0502 mm): Polygon of H6 on F.Silkscreen
    @(82.4000 mm, 134.2500 mm): PTH pad 1 [GND] of H4
[silk_over_copper]: Silkscreen clipped by solder mask
    Local override; warning
    @(92.8750 mm, 136.0908 mm): Polygon of J2 on F.Silkscreen
    @(93.0250 mm, 136.4906 mm): PTH pad 3 [GND] of J2
[silk_over_copper]: Silkscreen clipped by solder mask
    Local override; warning
    @(93.9502 mm, 131.2605 mm): Polygon of J2 on F.Silkscreen
    @(94.1502 mm, 131.5424 mm): Pad A1B12 [GND] of J2 on F.Cu
[silk_over_copper]: Silkscreen clipped by solder mask
    Local override; warning
    @(92.8750 mm, 131.7608 mm): Polygon of J2 on F.Silkscreen
    @(93.0250 mm, 132.3108 mm): PTH pad 4 [GND] of J2
[silk_over_copper]: Silkscreen clipped by solder mask
    Local override; warning
    @(85.2500 mm, 129.9101 mm): Polygon of U9 on F.Silkscreen
    @(85.0500 mm, 129.4649 mm): Pad 1 [GND] of U9 on F.Cu
[silk_over_copper]: Silkscreen clipped by solder mask
    Local override; warning
    @(85.2500 mm, 129.7501 mm): Polygon of U9 on F.Silkscreen
    @(85.0500 mm, 129.4649 mm): Pad 1 [GND] of U9 on F.Cu
[silk_over_copper]: Silkscreen clipped by solder mask
    Local override; warning
    @(94.7500 mm, 131.2605 mm): Polygon of J2 on F.Silkscreen
    @(94.9500 mm, 131.5424 mm): Pad A4B9 [VBUS] of J2 on F.Cu
[silk_over_copper]: Silkscreen clipped by solder mask
    Local override; warning
    @(95.5000 mm, 131.2604 mm): Polygon of J2 on F.Silkscreen
    @(95.6000 mm, 131.5424 mm): Pad B8 [unconnected-(J2-SBU2-PadB8)] of J2 on F.Cu
[silk_over_copper]: Silkscreen clipped by solder mask
    Local override; warning
    @(96.5000 mm, 131.2604 mm): Polygon of J2 on F.Silkscreen
    @(96.6000 mm, 131.5424 mm): Pad B7 [/D-] of J2 on F.Cu
[silk_over_copper]: Silkscreen clipped by solder mask
    Local override; warning
    @(96.0001 mm, 131.2604 mm): Polygon of J2 on F.Silkscreen
    @(96.1001 mm, 131.5424 mm): Pad A5 [/CC1] of J2 on F.Cu
[silk_over_copper]: Silkscreen clipped by solder mask
    Local override; warning
    @(97.0001 mm, 131.2604 mm): Polygon of J2 on F.Silkscreen
    @(97.1001 mm, 131.5424 mm): Pad A6 [/D+] of J2 on F.Cu
[silk_over_copper]: Silkscreen clipped by solder mask
    Local override; warning
    @(97.5000 mm, 131.2604 mm): Polygon of J2 on F.Silkscreen
    @(97.6000 mm, 131.5424 mm): Pad A7 [/D-] of J2 on F.Cu
[silk_over_copper]: Silkscreen clipped by solder mask
    Local override; warning
    @(98.0001 mm, 131.2604 mm): Polygon of J2 on F.Silkscreen
    @(98.1001 mm, 131.5424 mm): Pad B6 [/D+] of J2 on F.Cu
[silk_over_copper]: Silkscreen clipped by solder mask
    Local override; warning
    @(98.4998 mm, 131.2604 mm): Polygon of J2 on F.Silkscreen
    @(98.5998 mm, 131.5424 mm): Pad A8 [unconnected-(J2-SBU1-PadA8)] of J2 on F.Cu
[silk_over_copper]: Silkscreen clipped by solder mask
    Local override; warning
    @(99.0001 mm, 131.2604 mm): Polygon of J2 on F.Silkscreen
    @(99.1001 mm, 131.5424 mm): Pad B5 [/CC2] of J2 on F.Cu
[silk_over_copper]: Silkscreen clipped by solder mask
    Local override; warning
    @(99.5504 mm, 131.2605 mm): Polygon of J2 on F.Silkscreen
    @(99.7504 mm, 131.5424 mm): Pad B4A9 [VBUS] of J2 on F.Cu
[silk_over_copper]: Silkscreen clipped by solder mask
    Local override; warning
    @(100.3502 mm, 131.2605 mm): Polygon of J2 on F.Silkscreen
    @(100.5502 mm, 131.5424 mm): Pad B1A12 [GND] of J2 on F.Cu
[silk_over_copper]: Silkscreen clipped by solder mask
    Local override; warning
    @(101.5251 mm, 131.7608 mm): Polygon of J2 on F.Silkscreen
    @(101.6752 mm, 132.3108 mm): PTH pad 1 [GND] of J2
[silk_over_copper]: Silkscreen clipped by solder mask
    Local override; warning
    @(101.5251 mm, 136.0908 mm): Polygon of J2 on F.Silkscreen
    @(101.6752 mm, 136.4906 mm): PTH pad 2 [GND] of J2
[silk_over_copper]: Silkscreen clipped by solder mask
    Local override; warning
    @(103.7035 mm, 136.4995 mm): Circle of LED3 on F.Silkscreen
    @(103.3001 mm, 136.4490 mm): Pad 1 [Net-(LED3-K)] of LED3 on F.Cu
[silk_over_copper]: Silkscreen clipped by solder mask
    Local override; warning
    @(103.7035 mm, 136.4996 mm): Polygon of LED3 on F.Silkscreen
    @(103.3001 mm, 136.4490 mm): Pad 1 [Net-(LED3-K)] of LED3 on F.Cu
[silk_over_copper]: Silkscreen clipped by solder mask
    Local override; warning
    @(103.7000 mm, 136.4996 mm): Polygon of LED3 on F.Silkscreen
    @(103.3001 mm, 136.4490 mm): Pad 1 [Net-(LED3-K)] of LED3 on F.Cu
[silk_over_copper]: Silkscreen clipped by solder mask
    Local override; warning
    @(103.7000 mm, 136.4996 mm): Polygon of LED3 on F.Silkscreen
    @(103.2999 mm, 134.9510 mm): Pad 2 [/USER_LED] of LED3 on F.Cu
[silk_over_copper]: Silkscreen clipped by solder mask
    Local override; warning
    @(103.6965 mm, 135.1996 mm): Polygon of LED3 on F.Silkscreen
    @(103.2999 mm, 134.9510 mm): Pad 2 [/USER_LED] of LED3 on F.Cu
[silk_over_copper]: Silkscreen clipped by solder mask
    Local override; warning
    @(105.3000 mm, 132.3000 mm): Reference field of R14
    @(106.2457 mm, 131.3421 mm): Pad 2 [/SOC1] of R14 on F.Cu
[silk_over_copper]: Silkscreen clipped by solder mask
    Local override; warning
    @(97.7000 mm, 124.4000 mm): Reference field of R36
    @(96.0000 mm, 124.8000 mm): Pad 3 [/SPI2_NSS] of U19 on F.Cu
[silk_over_copper]: Silkscreen clipped by solder mask
    Local override; warning
    @(105.6000 mm, 119.5750 mm): Reference field of C25
    @(105.5936 mm, 120.7387 mm): Pad 2 [+3.3V] of R34 on F.Cu
[silk_over_copper]: Silkscreen clipped by solder mask
    Local override; warning
    @(105.6000 mm, 119.5750 mm): Reference field of C25
    @(105.6182 mm, 120.7068 mm): Pad 2 [+3.3V] of L3 on F.Cu

** Found 0 unconnected pads **

** Found 0 Footprint errors **

** Ignored checks **
    - Footprint has no courtyard defined
    - Track endpoint not centered on via
    - Tuning profile track geometries
    - Footprint doesn't match symbol's footprint filters
    - Footprint component type doesn't match footprint pads

** End of Report **
